time,x,y
0.36157703399658203,0.0,0.0
0.36414265632629395,-0.00015688399321277236,-0.0016057645547490594
0.36545801162719727,-0.0007219833487531909,0.002410447858330026
0.36646318435668945,-0.0012082789147098705,0.006455419557893639
0.3674626350402832,-0.0016088499540265558,0.010321130655410498
0.3674626350402832,-0.0019298394400893396,0.014016108476703312
0.36846327781677246,-0.00217766581489453,0.017532885115686108
0.37046337127685547,-0.0029265246084395663,0.034668113261725336
0.3714628219604492,-0.0006211121175543623,0.06292508572490882
0.37246251106262207,-0.0020740580765129563,0.04573947812893071
0.373462438583374,-0.0073342349670572245,-0.009368099625447709
0.3744628429412842,-0.01569692445107586,-0.09445367160704854
0.37546348571777344,-0.016544327489265445,-0.1026968124237175
0.37746262550354004,-0.012897826342879804,-0.06943042009225149
0.3784627914428711,-0.015039274818299486,-0.08808643979288391
0.37946248054504395,-0.022930221038992726,-0.15570186400556513
0.3804624080657959,-0.027930377961862304,-0.19753871205514772
0.38146233558654785,-0.02658609090701029,-0.1867465212481902
0.3824622631072998,-0.028040127609576273,-0.19815187712705865
0.38346195220947266,-0.03488502294121384,-0.25074829851994285
0.3844621181488037,-0.04135415062791319,-0.29920162000988976
0.38546228408813477,-0.04251389508300837,-0.307757747909575
0.3864619731903076,-0.044944255572594446,-0.3248951518484083
0.38746213912963867,-0.05179889021463549,-0.37194378413528373
0.3884620666503906,-0.0591248470931999,-0.42093932662488676
0.3894624710083008,-0.06255982303157509,-0.44336907532460623
0.39046192169189453,-0.06651266361270672,-0.4683734144588207
0.3914620876312256,-0.07399957017415117,-0.5144415145300572
0.39246201515197754,-0.08269574042654701,-0.5666080497152669
0.3934619426727295,-0.0888942816164962,-0.602898841749619
0.39446163177490234,-0.09481217345267705,-0.6366240119147238
0.3954617977142334,-0.10340825473733013,-0.6843452116840907
0.39646172523498535,-0.11387806538998706,-0.7410712298380869
0.3974616527557373,-0.12337652356820113,-0.7913438497152225
0.3994636535644531,-0.13202839601129293,-0.8360490859656234
0.4004635810852051,-0.14235054920223408,-0.8881093201424486
0.4014623165130615,-0.15488581798221693,-0.9498926079240705
0.40247249603271484,-0.1680460005527624,-1.01333049602336
0.40346860885620117,-0.18058197501558132,-1.0724450306868092
0.4044606685638428,-0.19367250675810857,-1.132822167507705
0.4054720401763916,-0.2088179093562929,-1.201175190113694
0.40647053718566895,-0.2261817638761097,-1.2779031739702844
0.4074685573577881,-0.24428777737136578,-1.356280004974498
0.4084622859954834,-0.262001303804319,-1.4314090185017334
0.409473180770874,-0.2804368242471026,-1.5080191566771677
0.41046142578125,-0.30094590737266114,-1.5915572521905572
0.4119534492492676,-0.3232581097988581,-1.6806864439317222
0.4129648208618164,-0.34597995025847567,-1.7697305541261337
0.41396450996398926,-0.3687912080862551,-1.8574368870521532
0.41495704650878906,-0.39292754232372823,-1.948500143414049
0.41596412658691406,-0.41907832948232443,-2.0453557120182286
0.41795873641967773,-0.44648392410144844,-2.1450348539392676
0.4189643859863281,-0.47417771694240374,-2.2439700226681327
0.4199643135070801,-0.5026011596115829,-2.343715514050232
0.42096853256225586,-0.5327477549962465,-2.447664016310991
0.4219644069671631,-0.5645577814010718,-2.555472463780013
0.42296481132507324,-0.5971243311730541,-2.6639818788284524
0.4239649772644043,-0.6302439715399475,-2.7724847035625544
0.42496347427368164,-0.664707020277894,-2.8835164966893414
0.4259653091430664,-0.7008799756135525,-2.998156730650493
0.42696475982666016,-0.7381674457411174,-3.114429780968808
0.4279642105102539,-0.7760911644274497,-3.230803240606078
0.42896437644958496,-0.8151043162539177,-3.3486306484731
0.4299635887145996,-0.8557062935647725,-3.4693495515390476
0.43097710609436035,-0.8975909531875441,-3.5919738554679403
0.43197107315063477,-0.940251704488607,-3.714976556093207
0.4329712390899658,-0.9838856157122634,-3.8388960786780872
0.4339711666107178,-1.028955086483011,-3.964996489427737
0.43497157096862793,-1.0753325459781156,-4.092862312562706
0.4359772205352783,-1.1225819414032039,-4.221253135015337
0.4369792938232422,-1.1707623424278515,-4.350306123137986
0.4379699230194092,-1.2202427662792097,-4.480976061429452
0.4389688968658447,-1.2709731146933108,-4.613089760623221
0.43997669219970703,-1.3226044457567532,-4.745711129476902
0.4409770965576172,-1.3751422809058258,-4.8788389565248265
0.44197845458984375,-1.428861096583949,-5.013148863557841
0.442976713180542,-1.4837251428833071,-5.148527541272747
0.44397640228271484,-1.5394605437883075,-5.2842849417854865
0.44397640228271484,-1.5960631788388704,-5.420406579504291
0.4460475444793701,-1.6537264762466497,-5.55735136399083
0.44706249237060547,-1.7123994270610257,-5.69499080849798
0.448061466217041,-1.7718676459787193,-5.832823172621808
0.44905710220336914,-1.8321330796457596,-5.970861290090918
0.4500575065612793,-1.89332006592919,-6.109398580064989
0.45105671882629395,-1.955354381612511,-6.248277275778163
0.45206403732299805,-2.018069333226419,-6.387141543886244
0.4530642032623291,-2.081471497983496,-6.526029508371387
0.45406222343444824,-2.1456251547562855,-6.665107090047081
0.4550614356994629,-2.210437409709882,-6.804201177934864
0.45606136322021484,-2.2757786624426437,-6.943068687366655
0.4570615291595459,-2.3416512991749756,-7.081754490029248
0.45806336402893066,-2.4080689443272494,-7.220329800053057
0.4590620994567871,-2.4749288996482766,-7.3586268886448565
0.4590620994567871,-2.5421278897425754,-7.496483950040588
0.46006107330322266,-2.6096548965897877,-7.633934355110802
0.46206164360046387,-2.677484848460569,-7.7709855095753415
0.46206164360046387,-2.745513833809143,-7.907489233441254
0.4640614986419678,-2.825934191818965,-8.067727693983084
0.4650604724884033,-2.894180126105477,-8.202829800977215
0.46605563163757324,-2.9624278237683526,-8.337204925305723
0.4670546054840088,-3.016965086890137,-8.444106609774991
0.46828746795654297,-3.085012851998526,-8.576951509574602
0.46929287910461426,-3.1528785550457727,-8.708905876829633
0.4702928066253662,-3.220485959040838,-8.83989046194277
0.47129225730895996,-3.2877487418737177,-8.969805527706493
0.4722921848297119,-3.3546037555979873,-9.09859448746977
0.47329211235046387,-3.420996209477024,-9.226214310054793
0.4742920398712158,-3.486853727496445,-9.352585291581242
0.4752919673919678,-3.552097993922959,-9.477613179953606
0.4762916564941406,-3.6166657151670814,-9.601229002485725
0.4772918224334717,-3.6805008035846183,-9.723373857247893
0.47829198837280273,-3.743537603867065,-9.843966675774853
0.4792919158935547,-3.805705393091689,-9.962912778984956
0.48029136657714844,-3.8669419301939403,-10.080129752496322
0.4812920093536377,-3.9271919205463446,-10.195544541201262
0.48229169845581055,-3.9863963077426603,-10.309073022550141
0.48429203033447266,-4.044491339728255,-10.420618219714722
0.48429203033447266,-4.1014164827951,-10.530085544972215
0.48660993576049805,-4.157025307791235,-10.637211125243926
0.4876108169555664,-4.2109107085406094,-10.741223081697768
0.48861002922058105,-4.263266984658657,-10.842504357927249
0.489609956741333,-4.314628504342946,-10.9420964278937
0.49060916900634766,-4.365003522427642,-11.040023897780845
0.4916090965270996,-4.413922694337175,-11.135379363283947
0.49260926246643066,-4.461180122642742,-11.22776050132854
0.49260926246643066,-4.5070569818881445,-11.31771353769585
0.4936089515686035,-4.551822820783175,-11.405764798409749
0.49460887908935547,-4.5953298699343605,-11.491621169796984
0.4956088066101074,-4.6372744600196105,-11.574676826456354
0.4966089725494385,-4.677629519623689,-11.654867390779534
0.49760866165161133,-4.716617869037591,-11.732624192323119
0.4986090660095215,-4.7543479635340775,-11.80815320364426
0.49960923194885254,-4.790665877350561,-11.881134870707875
0.5016286373138428,-4.825395132803924,-11.951199509682429
0.5026183128356934,-4.858563249974696,-12.018384821393656
0.503610372543335,-4.890317450796024,-12.0829711402059
0.5046098232269287,-4.920695682293941,-12.145018397695788
0.5056092739105225,-4.949580736182641,-12.204268618674877
0.5066089630126953,-4.976867930994847,-12.260485611469129
0.5066089630126953,-5.002586542712949,-12.313706274852173
0.5076086521148682,-5.026828779517085,-12.364097957519597
0.5086088180541992,-5.049568166550997,-12.411581947075314
0.5096089839935303,-5.070472699573372,-12.455437326624764
0.5106086730957031,-5.089450721735615,-12.495439055866399
0.5116088390350342,-5.106960284225153,-12.532521042595455
0.5126087665557861,-5.123409144296099,-12.567523001655433
0.513608455657959,-5.138642996525578,-12.600096484248573
0.5146081447601318,-5.152258335303512,-12.629353487104309
0.5156099796295166,-5.164208617874722,-12.655162367431233
0.5176091194152832,-5.174858957263361,-12.678280806068985
0.5186214447021484,-5.184484071744708,-12.699280497545743
0.5196092128753662,-5.19293131725122,-12.717806673772357
0.5206089019775391,-5.199925478075902,-12.733229908200812
0.521608829498291,-5.205504390665111,-12.745602928227637
0.5226089954376221,-5.209967150396201,-12.755559155331257
0.523608922958374,-5.213458987569457,-12.76339797367914
0.5246081352233887,-5.215818461206479,-12.768735369641258
0.5256085395812988,-5.216890863887249,-12.771196758441626
0.5266077518463135,-5.216791151485952,-12.77101299693551
0.5276081562042236,-5.215744090456799,-12.768668544853316
0.5286085605621338,-5.21377841899776,-12.764206300899591
0.5286085605621338,-5.210749837533908,-12.757271526271214
0.5306084156036377,-5.206622870822239,-12.747755971067537
0.5316121578216553,-5.201552442978067,-12.73599274340834
0.5326106548309326,-5.195665781645083,-12.722255317487653
0.5336098670959473,-5.188911764629559,-12.706402039912895
0.5346086025238037,-5.181207778024852,-12.688214725447711
0.5356194972991943,-5.172616983303598,-12.667818444975262
0.5366160869598389,-5.163273246497517,-12.645509286531428
0.5376148223876953,-5.153202214760561,-12.621327973031004
0.5386080741882324,-5.14233926703744,-12.595097886325792
0.5396163463592529,-5.130691824933254,-12.566814849764347
0.5406155586242676,-5.118362475454798,-12.536707257720423
0.5416152477264404,-5.105412191580271,-12.504904984907954
0.5426158905029297,-5.091810412528051,-12.471313998831604
0.5436151027679443,-5.077545447501732,-12.435885865411793
0.5446147918701172,-5.062687809334376,-12.398776917717596
0.5458238124847412,-5.047304939701057,-12.360138409771357
0.5458238124847412,-5.031392616549857,-12.319943155153354
0.5468342304229736,-5.014939847498262,-12.278146577908732
0.5491104125976562,-4.997996228193389,-12.234858404284687
0.5501163005828857,-4.980623260859307,-12.19022088747518
0.551116943359375,-4.962831368170683,-12.144246786285466
0.5521256923675537,-4.944616882516432,-12.096912709200016
0.5531222820281982,-4.9260186772209265,-12.048306300152865
0.5541236400604248,-4.907089430769295,-11.998553098195375
0.5551223754882812,-4.88784590078329,-11.94768595840456
0.5561220645904541,-4.868292219767783,-11.895704987630577
0.5571215152740479,-4.84846261925811,-11.842691007134192
0.558121919631958,-4.828401641170155,-11.78875406802349
0.5591216087341309,-4.80812806112129,-11.733936565770371
0.5591216087341309,-4.787652495112057,-11.678259659357762
0.5601217746734619,-4.767007279276313,-11.621804478544243
0.5613484382629395,-4.7462302897437025,-11.564668909314083
0.5623528957366943,-4.725340700625322,-11.506900940419445
0.5643599033355713,-4.704354116833538,-11.448539658933141
0.5653533935546875,-4.683301744529734,-11.389668610005295
0.5663595199584961,-4.657996992125401,-11.318473134183025
0.567354679107666,-4.636896927613223,-11.258745967317589
0.5683538913726807,-4.615807658094008,-11.198720333098152
0.5693531036376953,-4.594760298567832,-11.138485382135801
0.5703525543212891,-4.57378173948735,-11.07811967163501
0.5713546276092529,-4.552891159077418,-11.017680833514133
0.572352409362793,-4.535843454789439,-10.968117627988168
0.5733520984649658,-4.515185401173424,-10.907764811992884
0.5743520259857178,-4.49468097766969,-10.847541224511476
0.5753521919250488,-4.4743492521824075,-10.787508387197699
0.5763521194458008,-4.454228733475547,-10.727786532523519
0.5773522853851318,-4.4343464523620675,-10.668463495173857
0.5783522129058838,-4.4147148166515136,-10.609584609421406
0.5793521404266357,-4.395356758945014,-10.551227592463906
0.5803523063659668,-4.376305958798797,-10.493503803664783
0.5813519954681396,-4.357586815321855,-10.43649791593622
0.5824613571166992,-4.339215789118081,-10.380271472890891
0.5844707489013672,-4.321217180067161,-10.3249108904892
0.5854778289794922,-4.303621262010748,-10.270522109941677
0.5864801406860352,-4.286451976348848,-10.217192724503265
0.5874779224395752,-4.269728725784263,-10.164997195611754
0.5874779224395752,-4.2534759893175575,-10.1140267000659
0.588477611541748,-4.237722013047015,-10.064385271781292
0.5904719829559326,-4.222491330780377,-10.016166335985739
0.5914707183837891,-4.207805464981868,-9.969454705626587
0.5924720764160156,-4.193688763197005,-9.92434502018355
0.5934717655181885,-4.180168378068837,-9.880941819587168
0.5944693088531494,-4.1672698000470865,-9.839345297467004
0.5954720973968506,-4.155016297187921,-9.799649388608465
0.5964834690093994,-4.143432249543639,-9.761952477884067
0.5974774360656738,-4.132544189492006,-9.726360856185185
0.5994725227355957,-4.122378489237457,-9.692981260899467
0.6004722118377686,-4.112960035899772,-9.661916514225458
0.6014702320098877,-4.104313637820662,-9.633270109281158
0.6024789810180664,-4.096465431898788,-9.607150904806302
0.6034715175628662,-4.089442266273645,-9.583671172333652
0.604485034942627,-4.0832704204365555,-9.56294239016559
0.6054699420928955,-4.077975579406022,-9.545075177190334
0.606468915939331,-4.073583772156472,-9.530182493025478
0.6074807643890381,-4.0701217840137955,-9.518381129647732
0.6084797382354736,-4.067616626869487,-9.509790032575843
0.6094768047332764,-4.066094947369242,-9.504528383949266
0.6104695796966553,-4.065583089081792,-9.502715903322251
0.6114687919616699,-4.066107543390808,-9.504474507286742
0.6124684810638428,-4.067711063317201,-9.509984498517072
0.6134686470031738,-4.070578235409865,-9.519923831972722
0.6144685745239258,-4.074772137034182,-9.534554111592096
0.6154685020446777,-4.08008633397851,-9.553193073532624
0.6174685955047607,-4.086306063443232,-9.575120449018186
0.6184685230255127,-4.093452569474743,-9.600444631690278
0.6194682121276855,-4.10172724129231,-9.62991894881832
0.6204683780670166,-4.111268769901122,-9.66408367786987
0.6214683055877686,-4.122025594083294,-9.702802732839077
0.6224703788757324,-4.13384796261022,-9.745583879539092
0.6234698295593262,-4.146731361120704,-9.792458170038632
0.6244690418243408,-4.160850029434687,-9.844113067790746
0.6254684925079346,-4.176240335439906,-9.900740606588268
0.6264684200286865,-4.192725687691452,-9.961749304164044
0.6274683475494385,-4.210094935482516,-10.026410945833302
0.6284682750701904,-4.228311216089717,-10.094639354694273
0.6294682025909424,-4.247512324056715,-10.167006525983632
0.6304681301116943,-4.267817727420368,-10.244026768333828
0.6304681301116943,-4.289182036814296,-10.325596553669563
0.6324682235717773,-4.311435985764492,-10.411136559563861
0.6334691047668457,-4.334456270491049,-10.500236020509636
0.6344692707061768,-4.358273305380633,-10.593076483846382
0.6354682445526123,-4.382993668736714,-10.690143470609462
0.6364679336547852,-4.408646921289382,-10.791629878296813
0.6374802589416504,-4.435135369167731,-10.897227917140413
0.6384685039520264,-4.462327253403028,-11.006488288276577
0.6394693851470947,-4.490181044478027,-11.119318353542218
0.640470027923584,-4.518754210520975,-11.23602856944182
0.6414704322814941,-4.5480959058850425,-11.356903810303507
0.6424713134765625,-4.578162305996511,-11.481851585300141
0.6444919109344482,-4.608846344230551,-11.610514218900471
0.6454827785491943,-4.64007734982902,-11.742680394808389
0.6454827785491943,-4.671868551820465,-11.87849217580712
0.6464791297912598,-4.704259011421716,-12.01820756078394
0.6484708786010742,-4.737231752837495,-12.161849172582977
0.6494691371917725,-4.770707357096085,-12.30916749604163
0.6504700183868408,-4.8046122166146725,-12.459933197570226
0.651470422744751,-4.838932979366054,-12.614181409418842
0.6524717807769775,-4.873690917440656,-12.772105765438857
0.6534788608551025,-4.908876631845621,-12.933766091975642
0.6544759273529053,-4.944430126931087,-13.098990677004304
0.6554756164550781,-4.980285317831142,-13.267575040628056
0.6564755439758301,-5.016417419195755,-13.4395047486813
0.6574761867523193,-5.05283262734718,-13.614913923828214
0.6584763526916504,-5.089519554938263,-13.793856234124164
0.6594753265380859,-5.126429039446305,-13.97620197890534
0.6604752540588379,-5.163504643443368,-14.161781605851873
0.6614701747894287,-5.200719206414246,-14.350567842437888
0.662480354309082,-5.238068715955383,-14.542651131179218
0.6634767055511475,-5.275536509328724,-14.738059712253133
0.6644754409790039,-5.313078788792512,-14.936680591407116
0.6654698848724365,-5.350648169317545,-15.138377801232956
0.6674702167510986,-5.38821933052024,-15.343129919566444
0.6684792041778564,-5.4257816396565595,-15.550995366547435
0.6694767475128174,-5.46331278683811,-15.76196972762496
0.6704752445220947,-5.5007721249428485,-15.975944573987812
0.6714763641357422,-5.538120469518351,-16.192815666232303
0.6724753379821777,-5.5753355552159505,-16.41257345507148
0.6734747886657715,-5.612401796593736,-16.635247588654458
0.6744747161865234,-5.649292218062884,-16.860799808473924
0.6754751205444336,-5.685969422952463,-17.08912588209626
0.676476001739502,-5.7224017766022754,-17.320153008678396
0.6774754524230957,-5.758569308129346,-17.553879425679792
0.6784749031066895,-5.794452005762782,-17.79030266050898
0.6794748306274414,-5.830020200839845,-18.029355689592034
0.6804747581481934,-5.865241096805377,-18.27094682399634
0.6804747581481934,-5.900089451687508,-18.51503184582021
0.6834690570831299,-5.934545665029641,-18.761603763304695
0.6844680309295654,-5.968585972430881,-19.010624685451017
0.6854860782623291,-6.002180965553757,-19.262012763575427
0.6864759922027588,-6.035303561539101,-19.51569893661649
0.6874756813049316,-6.06793258698215,-19.771655543876495
0.6884751319885254,-6.100046979315456,-20.029853773558393
0.6894750595092773,-6.131621261033923,-20.29022679303226
0.6904747486114502,-6.16262932470055,-20.55269816673068
0.6914746761322021,-6.193049159389043,-20.817221405741137
0.6924755573272705,-6.222860705506839,-21.083763618445644
0.6934750080108643,-6.252041443578469,-21.352267081067033
0.6944751739501953,-6.280567384145285,-21.622656188472366
0.6954762935638428,-6.308416936800586,-21.894872600136427
0.6964747905731201,-6.335570692781097,-22.1688749031391
0.6974747180938721,-6.3620082069629875,-22.44460764060645
0.698467493057251,-6.387707780928771,-22.721997411581206
0.7004694938659668,-6.412649079111396,-23.000979520761405
0.7014760971069336,-6.43681358107969,-23.281504203322886
0.7024745941162109,-6.460182508607687,-23.56351391819849
0.7034740447998047,-6.48273631298837,-23.846936163477864
0.704474687576294,-6.504456324660985,-24.13170274271517
0.7054750919342041,-6.525325257339564,-24.41775693551147
0.706474781036377,-6.5453259174436065,-24.705037064039356
0.7074747085571289,-6.564440786800869,-24.993469917141603
0.7084743976593018,-6.582653053609312,-25.282984828028145
0.7084743976593018,-6.59994694936097,-25.573519272347976
0.7094745635986328,-6.616306951560004,-25.865006697535048
0.7104744911193848,-6.631717561086797,-26.157372041228147
0.7114746570587158,-6.646163940853272,-26.450542265927535
0.7124743461608887,-6.659632070340152,-26.744449649074028
0.7135052680969238,-6.672108273001454,-27.03902263333335
0.7155094146728516,-6.683579154626656,-27.33418363989995
0.7165088653564453,-6.69403197904912,-27.629856939207293
0.7175300121307373,-6.703454704454905,-27.92596981381048
0.7185182571411133,-6.7118357360329925,-28.2224458275169
0.7195158004760742,-6.719163952329649,-28.519204485589427
0.7205154895782471,-6.725428903545807,-28.816166866030805
0.7215158939361572,-6.730620804563398,-29.113255281433986
0.7225160598754883,-6.734730439019906,-29.41038862557934
0.7235159873962402,-6.7377492102948136,-29.70748315604254
0.7245161533355713,-6.739669233198018,-30.004456219899698
0.7255151271820068,-6.740483335445644,-30.301225165260792
0.7265152931213379,-6.740185072066153,-30.597697545196624
0.727515697479248,-6.738772343637447,-30.893189163377443
0.728508710861206,-6.736249219529833,-31.18722525981198
0.729515790939331,-6.732604541688733,-31.481286483907194
0.7305169105529785,-6.727829372668572,-31.77577704565187
0.731515645980835,-6.721939908759145,-32.0694235571452
0.732511043548584,-6.714940500473459,-32.36200222460136
0.7335090637207031,-6.706805768909566,-32.654563052031016
0.7345163822174072,-6.69753003925479,-32.94717123960288
0.7355079650878906,-6.6871380224764145,-33.23893859996622
0.736515998840332,-6.6756287400119545,-33.52987890810752
0.7375154495239258,-6.662972951059786,-33.820702334088686
0.7385151386260986,-6.649171374684033,-34.11131117693093
0.7395081520080566,-6.634249467737387,-34.40111195435137
0.7405149936676025,-6.618200416668114,-34.69022188425442
0.7415153980255127,-6.600997224617201,-34.979098558004566
0.742516040802002,-6.582646282548895,-35.26758308851205
0.7435154914855957,-6.563169669498748,-35.55529451284187
0.7445170879364014,-6.542556602201213,-35.84237870444045
0.745509147644043,-6.520785326535193,-36.129115316147164
0.7465157508850098,-6.4978659608551315,-36.41533829709724
0.7475166320800781,-6.4738157340589355,-36.70081251687309
0.7475166320800781,-6.448622280866007,-36.98567498364668
0.7499294281005859,-6.422270018528482,-37.2700857375721
0.7509469985961914,-6.394770904475114,-37.55389660957694
0.7519381046295166,-6.366137486633116,-37.836968062097505
0.7529370784759521,-6.336357888889015,-38.11941271827177
0.7539372444152832,-6.305422471279814,-38.40131373231813
0.7539372444152832,-6.273343696440417,-38.682549416487376
0.754936695098877,-6.240805890539424,-38.95743706976065
0.7559363842010498,-6.206471411400223,-39.237279717252726
0.7569363117218018,-6.170988108969819,-39.516499225103345
0.757936954498291,-6.134368044336287,-39.79500127087877
0.7589364051818848,-6.096618098690419,-40.07273922131172
0.759929895401001,-6.057731403187764,-40.349771846385
0.7619295120239258,-6.017707617983797,-40.62610986660797
0.762939453125,-5.976558621778299,-40.901681288419645
0.7639369964599609,-5.9342903147226576,-41.17646030614614
0.7649292945861816,-5.89089926695599,-41.45048522069514
0.7659292221069336,-5.846388889614578,-41.72375118616249
0.7669289112091064,-5.800771054269623,-41.99620411073626
0.767949104309082,-5.754051958923131,-42.26782922650028
0.7689371109008789,-5.706231900264608,-42.53864913395236
0.7699377536773682,-5.6573176083438925,-42.8086512722858
0.7709369659423828,-5.607321541231955,-43.0777951420134
0.7719364166259766,-5.55625128844993,-43.34607131239951
0.7729363441467285,-5.504111064098163,-43.61349106715384
0.7739357948303223,-5.450910850354272,-43.88003878308053
0.7749290466308594,-5.396664443030521,-44.145683960147615
0.7759301662445068,-5.341381769628069,-44.410419455183636
0.7769417762756348,-5.285071280650151,-44.67424891664972
0.7779383659362793,-5.22774643000528,-44.937156334447174
0.7789363861083984,-5.169423194008398,-45.19911850329966
0.779937744140625,-5.110114852471374,-45.4601292105271
0.780937910079956,-5.049834562144956,-45.72018742450965
0.7819287776947021,-4.988599693271389,-45.979278268659655
0.7829360961914062,-4.926429520474431,-46.23738402811379
0.7839298248291016,-4.863341780204119,-46.49449911476289
0.7849407196044922,-4.799354933021062,-46.75062013738149
0.7859368324279785,-4.73449117015562,-47.00573432236021
0.7869358062744141,-4.668774422540744,-47.259828439091656
0.7879359722137451,-4.6022280200522445,-47.51289782619466
0.7889366149902344,-4.534876779408204,-47.764938644850005
0.7899374961853027,-4.466749001822433,-48.015940996575324
0.790935754776001,-4.397874713572177,-48.26589573288266
0.792931318283081,-4.328284353497508,-48.51479984918325
0.7939400672912598,-4.258010456113744,-48.76265069460456
0.7949371337890625,-4.187088828904311,-49.00944192462287
0.795935869216919,-4.115557336532262,-49.255168573467465
0.7969303131103516,-4.043455037768351,-49.499830192762005
0.7979414463043213,-3.9708234067971704,-49.74342661749948
0.799318790435791,-3.8977071655466586,-49.98595566860373
0.800323486328125,-3.8241531657500567,-50.227416742248884
0.801335334777832,-3.750209793219152,-50.4678125773991
0.8023300170898438,-3.6759278435629015,-50.70714623046332
0.8033289909362793,-3.601360716465271,-50.9454196612849
0.8043293952941895,-3.5265634624768922,-51.18263619613919
0.8053240776062012,-3.451592172367681,-51.41880143570224
0.8063344955444336,-3.376504229997832,-51.65392099080548
0.8073346614837646,-3.3013581949905375,-51.88799957184299
0.8083341121673584,-3.2262127348800673,-52.12104254699531
0.8093297481536865,-3.151125940803397,-52.353056320842676
0.8103303909301758,-3.0761553125314016,-52.584046677825334
0.8113293647766113,-3.001357390235824,-52.814018130122506
0.812328577041626,-2.926786952368487,-53.0429749480702
0.8133232593536377,-2.852496518959423,-53.27092133243249
0.8143224716186523,-2.7785363901090867,-53.497860284347155
0.8153221607208252,-2.7049545211025086,-53.72379323932603
0.8163306713104248,-2.631796127811795,-53.948720822468154
0.8173220157623291,-2.559103561764627,-54.17264301447543
0.8183310031890869,-2.4869165342573414,-54.39555845408981
0.8193297386169434,-2.415272238817225,-54.617464278788816
0.820328950881958,-2.3442052307697185,-54.838356694819154
0.8213300704956055,-2.2737475344062883,-55.05823115682106
0.8223297595977783,-2.2039288809623367,-55.27708193163324
0.8233215808868408,-2.1347769076487593,-55.49490203498834
0.8243286609649658,-2.0663171638156728,-55.711683649801756
0.8253240585327148,-1.9985731961400532,-55.927418264864116
0.8263344764709473,-1.9315668197317317,-56.14209642108413
0.8273308277130127,-1.8653182001906983,-56.35570764758992
0.8283286094665527,-1.7998459654296364,-56.56824078018932
0.8293232917785645,-1.735167210826035,-56.77968405031306
0.8303327560424805,-1.6712977284694057,-56.990024935985
0.8313302993774414,-1.6082520719025049,-57.19925010921415
0.8323221206665039,-1.5460436063835115,-57.40734564436008
0.833322286605835,-1.4846845783741907,-57.614297108576224
0.8343217372894287,-1.4241861848235522,-57.820089442714206
0.8353219032287598,-1.364558722570687,-58.02470694553392
0.8363218307495117,-1.3058115218006177,-58.22813338138292
0.8373217582702637,-1.2479530946392625,-58.430352082818985
0.8383219242095947,-1.1909910869826017,-58.63134584716893
0.8393218517303467,-1.134932466978492,-58.831096942693044
0.8403217792510986,-1.0797834113961682,-59.02958715507349
0.8413217067718506,-1.0255494664297904,-59.226797885079904
0.8423213958740234,-0.9722354623715956,-59.42271006771584
0.8433220386505127,-0.919845689351466,-59.617304183610415
0.8443214893341064,-0.868383781961693,-59.81056027241146
0.8453211784362793,-0.8178528682783421,-60.00245801835749
0.8463213443756104,-0.7682554690237364,-60.19297668858188
0.8473210334777832,-0.7195936650232719,-60.38209514857647
0.848320484161377,-0.6718689697139189,-60.56979185186649
0.8503684997558594,-0.6250824889914836,-60.75604491769567
0.8514060974121094,-0.579234786156491,-60.94083207875928
0.8523707389831543,-0.534326069063272,-61.124130704378516
0.8534207344055176,-0.49035602986278043,-61.30591777228649
0.854323148727417,-0.4473240295916061,-61.486169938015856
0.8553342819213867,-0.40522893603068866,-61.664863493392325
0.8563287258148193,-0.36406930719667113,-61.841974386127404
0.8573226928710938,-0.32384325228361804,-62.01747819701763
0.8583378791809082,-0.2845485551118676,-62.19135017723828
0.8593297004699707,-0.2461826093889579,-62.363565244870465
0.8603289127349854,-0.2087424470959734,-62.53409796662867
0.8613290786743164,-0.17222479189462886,-62.70292257759433
0.8623294830322266,-0.13662595532359295,-62.8700129613728
0.863328218460083,-0.10194200008673228,-63.0353426933484
0.863328218460083,-0.06816856345166414,-63.19888499519114
0.865321159362793,-0.03530103632294686,-63.36061276111109
0.8663280010223389,-0.0033344427747994915,-63.52049854889621
0.8673229217529297,0.027736517946002705,-63.678514580584164
0.8683285713195801,0.057917408731877285,-63.83463276064379
0.8693230152130127,0.08721419260600721,-63.98882463797941
0.8703341484069824,0.11563305490910628,-64.14106143895961
0.8713228702545166,0.14318054616515027,-64.29131405333524
0.872321367263794,0.1698635312968379,-64.43955302896815
0.8733210563659668,0.19568912046912054,-64.58574858902563
0.8743205070495605,0.22066481994829898,-64.72987060175379
0.8753209114074707,0.24479838218508554,-64.87188860067762
0.8763208389282227,0.26809786803326663,-65.01177178611454
0.8773207664489746,0.29057171325402525,-65.14948900069471
0.8783206939697266,0.31222858573517603,-65.28500874877197
0.8793208599090576,0.3330775016013835,-65.41829918827902
0.8803207874298096,0.35312783333011466,-65.54932811742175
0.8813202381134033,0.3723891979160324,-65.67806299159685
0.882413387298584,0.3908715750141734,-65.8044709115536
0.88334059715271,0.40858530515148794,-65.92851860991786
0.8843419551849365,0.42554099161453707,-66.05017246619119
0.8853225708007812,0.441749597295824,-66.16939850200984
0.8863210678100586,0.4572224710394466,-66.28616236421473
0.8873276710510254,0.4719712531189084,-66.40042933138768
0.8883287906646729,0.4860079252541953,-66.51216431814127
0.8893210887908936,0.49934488032700564,-66.62133186078337
0.8903203010559082,0.5119948574856864,-66.72789611237772
0.891319751739502,0.5239709225671225,-66.83182085058355
0.892327070236206,0.5352865454391421,-66.93306947347654
0.8933277130126953,0.5459556102066743,-67.03160498593138
0.8943283557891846,0.5559923620965219,-67.12738999839067
0.8953280448913574,0.5654114195366131,-67.22038673409601
0.8963277339935303,0.5742278315510992,-67.31055702439188
0.897327184677124,0.5824570836099264,-67.3978622944762
0.8983194828033447,0.590115065767597,-67.48226355951581
0.9007155895233154,0.5972180754053632,-67.56372143251076
0.9017293453216553,0.6037828552684893,-67.64219612490058
0.9027209281921387,0.6098266159029967,-67.71764743312626
0.9037201404571533,0.6153670277979677,-67.790034727266
0.9047191143035889,0.6204222124885209,-67.85931695431807
0.9057190418243408,0.6250107538891047,-67.92545264601084
0.9067187309265137,0.6291517208580562,-67.988399914739
0.9077188968658447,0.6328646832790088,-68.04811643907489
0.9087188243865967,0.636169705011769,-68.10455924206774
0.9097187519073486,0.6390814956882072,-68.15757685610372
0.9107189178466797,0.6415913715186564,-68.206530200946
0.9117193222045898,0.6437253521809974,-68.25135846186537
0.9127187728881836,0.645558040144413,-68.29306467032879
0.9137189388275146,0.6471420927930971,-68.33237973553268
0.9147186279296875,0.6484771988957724,-68.36884298883466
0.9157199859619141,0.6495549950353537,-68.40161608682037
0.9167196750640869,0.6504019358535476,-68.43070168870742
0.917738676071167,0.6510660985798564,-68.45689963336125
0.9187278747558594,0.651579536801542,-68.48068676219977
0.9197266101837158,0.6519513624104507,-68.50163516055885
0.9207258224487305,0.6521930213096019,-68.51917667239304
0.9217262268066406,0.6523311464631945,-68.53346967065876
0.922727108001709,0.6523950011669755,-68.54515559881952
0.9237258434295654,0.6524048962183703,-68.55445040391166
0.9247257709503174,0.6523779894085469,-68.56093972070718
0.9257261753082275,0.652335661421622,-68.56432233808125
0.9267263412475586,0.6522989733810629,-68.564899868738
0.9267263412475586,0.6522842978562124,-68.56313177660992
0.9277257919311523,0.652309590418493,-68.55899882791164
0.9287254810333252,0.6523986119107333,-68.55215911809164
0.9297254085540771,0.6525724375492905,-68.54257698450924
0.9307253360748291,0.6528427972463228,-68.53061322695129
0.9327187538146973,0.6532213395968866,-68.51649782417232
0.933718204498291,0.6537301143161464,-68.50006374235883
0.9347257614135742,0.6543932625516282,-68.48113732859652
0.9357254505157471,0.6552229738050918,-68.45989290964438
0.9367258548736572,0.6562248352058366,-68.43661421293207
0.9377257823944092,0.6574145999075682,-68.41130805993797
0.9387180805206299,0.6588165781625672,-68.38381442250564
0.9397261142730713,0.6604456051799401,-68.35417688438773
0.9407253265380859,0.6623045741850233,-68.32263372249493
0.941725492477417,0.664402359764731,-68.28928818224445
0.9427180290222168,0.6667599546260882,-68.25404653291493
0.9437258243560791,0.6693935324386902,-68.21689797148765
0.9447252750396729,0.6723054196348972,-68.17801878145374
0.9457249641418457,0.6754993104974764,-68.13754396031396
0.9468533992767334,0.6789913483311254,-68.09544072860474
0.9478681087493896,0.6827966808938097,-68.05169224895512
0.9488592147827148,0.6869171928597028,-68.00643006571333
0.9498589038848877,0.6913531219515997,-67.95978806033942
0.9508593082427979,0.6961157897764071,-67.9117732641325
0.9518580436706543,0.7012174363431793,-67.8623831667511
0.9528577327728271,0.7066585790739344,-67.81172516030348
0.9538571834564209,0.7124369557926914,-67.75992098159188
0.9548571109771729,0.7185596073365895,-67.70699988071732
0.9558570384979248,0.7250347247588161,-67.65297869335777
0.9568569660186768,0.7318603857296705,-67.59795452017289
0.9578573703765869,0.7390321124799512,-67.54203580918733
0.9588572978973389,0.7465530294361408,-67.48526394213911
0.9598572254180908,0.7544265981744883,-67.42767419884414
0.9608571529388428,0.7626476510668454,-67.36936028448635
0.961857795715332,0.7712094037339516,-67.31041945582332
0.9628572463989258,0.7801110602542057,-67.2509009779526
0.9638569355010986,0.7893509233633967,-67.19085597914072
0.9648571014404297,0.7989201096928754,-67.1303771256677
0.9658572673797607,0.808809195875405,-67.069553412992
0.9668574333190918,0.8190131124215465,-67.00844099866838
0.9678573608398438,0.8295247341425046,-66.94710380975737
0.9688568115234375,0.8403312185727785,-66.88563369987477
0.9698567390441895,0.8514199774776644,-66.82411457463459
0.9708569049835205,0.8627811383210352,-66.76260964091135
0.9718573093414307,0.8744020261866943,-66.70119245513081
0.9728569984436035,0.886265639800687,-66.63995388700276
0.9738569259643555,0.8983555329023687,-66.57897585828167
0.9748566150665283,0.9106564995877885,-66.51832861740604
0.9758565425872803,0.9231502789513888,-66.45809244278661
0.9768576622009277,0.9358154024301818,-66.39835751750759
0.9778571128845215,0.9486307992128831,-66.33920637119374
0.9788572788238525,0.9615755129111295,-66.28071569304771
0.9798569679260254,0.9746256486673545,-66.22297028598594
0.9808566570281982,0.9877548163270451,-66.16606046380258
0.9818577766418457,1.0009365889707091,-66.11007109257876
0.9828586578369141,1.0141439295900887,-66.05508433933069
0.9838581085205078,1.0273471410448765,-66.00118822903849
0.9848570823669434,1.0405143662322385,-65.94847415871678
0.9858565330505371,1.0536132072718842,-65.89703020455602
0.98685622215271,1.0666102549716578,-65.84694311110805
0.9878561496734619,1.0794697134744367,-65.79830355387061
0.9888565540313721,1.0921536894498862,-65.75120474144343
0.9898569583892822,1.10462326924686,-65.70573824879185
0.990856409072876,1.1168383155373958,-65.66199480882156
0.9918572902679443,1.1287565363356016,-65.62006760766852
0.9928567409515381,1.1403334900473951,-65.58005204968161
0.9938564300537109,1.1515232782767506,-65.54204318769173
0.9948563575744629,1.1622786062939474,-65.50613548364484
0.9958562850952148,1.1725501956618196,-65.47242472930805
0.9968564510345459,1.1822865589688252,-65.44100863944188
0.9978563785552979,1.1914343588930913,-65.41198552987778
0.9988577365875244,1.199938635306702,-65.38545351001552
0.9998569488525391,1.2077425438525773,-65.36151124540785
1.000856637954712,1.2147870427230396,-65.3402588168318
1.001856803894043,1.2210109345845175,-65.32179744688871
1.002856731414795,1.2263510775385296,-65.30622874495607
1.0038564205169678,1.2307423913257993,-65.29365459992478
1.0048565864562988,1.2341176460499206,-65.28417770029704
1.0058562755584717,1.2364073054084754,-65.27790185992792
1.0068562030792236,1.2375395599323278,-65.27493178955915
1.0078566074371338,1.2374404160495953,-65.27537272868882
1.0088565349578857,1.236033670927301,-65.279330408267
1.0098559856414795,1.2332182227078505,-65.28697069063028
1.0108561515808105,1.228703738356146,-65.29894463470585
1.0118560791015625,1.2223607582343814,-65.31546165426144
1.0128560066223145,1.2144094811499606,-65.33583273539155
1.0138556957244873,1.205085584172008,-65.35935705031473
1.0158576965332031,1.1943113252198174,-65.38613600307298
1.0168566703796387,1.1817586232649515,-65.41687650242396
1.0179400444030762,1.1671763422127137,-65.45207117446694
1.0189404487609863,1.1505592803913178,-65.49160789986604
1.0198578834533691,1.1319199045090946,-65.53533443579283
1.0208568572998047,1.111195937899735,-65.58327580056853
1.0219454765319824,1.088442435100588,-65.63518831893127
1.0228650569915771,1.063762410207304,-65.69072865966206
1.0238633155822754,1.0371604396868026,-65.74978347028706
1.0248634815216064,1.0085123754354692,-65.81252407737651
1.0258643627166748,0.9776800877585975,-65.87914424646785
1.026862621307373,0.9446318674196101,-65.94960217938589
1.0278630256652832,0.909438690130409,-66.02363997040871
1.0288574695587158,0.8721583628991154,-66.10103496270607
1.0298688411712646,0.8327407133989906,-66.1817925719377
1.0308632850646973,0.791062124625028,-66.2660654295427
1.032179355621338,0.7470410511697827,-66.35391538847155
1.0331852436065674,0.7006972482446863,-66.44520083968483
1.034184455871582,0.6520930877807642,-66.53970072411472
1.0351841449737549,0.6012300041386556,-66.6373177655517
1.0361838340759277,0.5480230184079709,-66.73812119347312
1.0371837615966797,0.49237899197260854,-66.84219197171306
1.038184642791748,0.43427878251694674,-66.94947011018907
1.0391838550567627,0.3737675951118544,-67.05977927006447
1.0401837825775146,0.31087073798837517,-67.17298419634912
1.0411834716796875,0.24553949903963562,-67.28908511491366
1.0421836376190186,0.17769154695126416,-67.4081409498967
1.0431840419769287,0.10728970759968089,-67.53012975924374
1.0441834926605225,0.03436077294773733,-67.65491971223055
1.0451834201812744,-0.041063685089105635,-67.78237506507327
1.0461833477020264,-0.11900716614010713,-67.91245666007676
1.0471830368041992,-0.19953365679279425,-68.04519330604128
1.0481834411621094,-0.28268172930415525,-68.18057188538182
1.0491836071014404,-0.3684346798954302,-68.31849058868389
1.0501832962036133,-0.4567610237531889,-68.45882772477482
1.0511837005615234,-0.5476689574825815,-68.60152901409796
1.0521833896636963,-0.6412036506294478,-68.74660017900841
1.0531835556030273,-0.7373941887678997,-68.89402379649465
1.0541954040527344,-0.8362239878354794,-69.0437149270954
1.0551824569702148,-0.9376607225957952,-69.19556976517983
1.056190013885498,-1.0417021075471768,-69.34953474137139
1.0571849346160889,-1.1483745796994576,-69.50560310258709
1.0581955909729004,-1.2576898718647775,-69.66375079990384
1.0591912269592285,-1.3696216786165212,-69.8239039726072
1.0601906776428223,-1.4841317796621432,-69.98597927107723
1.0611846446990967,-1.6012058972880236,-70.14993513135936
1.062194585800171,-1.7208474930661461,-70.31576325370519
1.0631904602050781,-1.8430415417937032,-70.48343830222788
1.0641896724700928,-1.9677405644395891,-70.65290135757522
1.0651850700378418,-2.09489057518631,-70.82409730556483
1.0671839714050293,-2.2244550294910237,-70.99700888106227
1.0681920051574707,-2.3564016779697234,-71.17163960068962
1.069183349609375,-2.4906734265228887,-71.3479766403547
1.0701918601989746,-2.6271867485656584,-71.5259904210281
1.0711908340454102,-2.765856944115525,-71.70566824510134
1.072235107421875,-2.9066101584629207,-71.88702881172053
1.073240041732788,-3.049366344915986,-72.07009717151718
1.0742387771606445,-3.1940235812893847,-72.25488062992078
1.0752456188201904,-3.3404708320115994,-72.4413794282997
1.076247215270996,-3.488610342145382,-72.6296091887404
1.077246904373169,-3.6383580688719004,-72.81959575788477
1.0782456398010254,-3.7896272267831113,-73.01135047579159
1.0792455673217773,-3.9423252857955826,-73.2048645835144
1.080245018005371,-4.096369144979325,-73.40012828003756
1.0812394618988037,-4.251692449959754,-73.59714094240036
1.0823125839233398,-4.408233564547703,-73.79589729412213
1.0833215713500977,-4.565924956015674,-73.99637539693123
1.0853214263916016,-4.724700208347745,-74.1985467321864
1.0863218307495117,-4.884504041874977,-74.40238997014971
1.0873219966888428,-5.045287482580612,-74.60788564747409
1.0883214473724365,-5.2069974261007514,-74.81500338715914
1.0893208980560303,-5.369578434717943,-75.02370459250292
1.0903208255767822,-5.532981904632057,-75.23395443713204
1.0913209915161133,-5.697165704048616,-75.44572157154009
1.0923211574554443,-5.862085946681648,-75.65896765728444
1.0923211574554443,-6.027696236488804,-75.87364630344817
1.0933208465576172,-6.193954785098284,-76.089712105885
1.0943212509155273,-6.360825875288476,-76.30712240851534
1.0953211784362793,-6.528274019375429,-76.5258294052842
1.096320390701294,-6.696262561450738,-76.74577784505799
1.097320318222046,-6.864759026887163,-76.9669114958696
1.098320722579956,-7.033737076508698,-77.18917503494943
1.100320816040039,-7.203172595724842,-77.41250803700909
1.1013407707214355,-7.37304274008138,-77.63684265721935
1.1023285388946533,-7.543330285794199,-77.86210805606741
1.103327751159668,-7.71402563382503,-78.08823143444347
1.104327917098999,-7.885124531154532,-78.315133100526
1.1053276062011719,-8.056628219681073,-78.54272437696889
1.1063275337219238,-8.228547465194788,-78.77091027188527
1.1073274612426758,-8.400904591581954,-78.99958924639122
1.108327865600586,-8.573732487137116,-79.2286489051468
1.108327865600586,-8.74707538665737,-79.45796444044208
1.1093275547027588,-8.920991421335469,-79.68740070208408
1.1103272438049316,-9.095552043229587,-79.9168126030107
1.1113274097442627,-9.270837709993238,-80.14604439237083
1.1123270988464355,-9.446933055088,-80.3749329835673
1.1133275032043457,-9.623921563034946,-80.60331460430011
1.1153218746185303,-9.80187821734714,-80.83102977470209
1.116321086883545,-9.980862657071581,-81.05792610403248
1.1173207759857178,-10.160916563605184,-81.28386108370078
1.1183204650878906,-10.342064558139889,-81.50870361058332
1.1193203926086426,-10.524315681434961,-81.7323324151116
1.1203205585479736,-10.707665059124462,-81.95463352515715
1.1213200092315674,-10.892075140859081,-82.1754738339707
1.1213200092315674,-11.077021335910247,-82.39416356026729
1.1223204135894775,-11.262469129628915,-82.6106232931331
1.1233203411102295,-11.449427965165402,-82.82599863829635
1.1243202686309814,-11.637906757182172,-83.040261508959
1.1253201961517334,-11.8270683512203,-83.25243222027281
1.1263201236724854,-12.016978320030766,-83.4625747313358
1.1273198127746582,-12.208320555372232,-83.67143962102563
1.1283197402954102,-12.400963852618528,-83.87887514043982
1.1293199062347412,-12.59432575866146,-84.08425557292186
1.1303203105926514,-12.788536384245338,-84.28773407791567
1.1323204040527344,-12.984034583401487,-84.48978878820628
1.1343390941619873,-13.180630711314938,-84.69024421859206
1.1353213787078857,-13.37792422437263,-84.88872400071321
1.1363205909729004,-13.576048003027884,-85.08540691947445
1.1373202800750732,-13.775257640251484,-85.28059929598427
1.138319969177246,-13.975343282391332,-85.47415760260157
1.139319896697998,-14.176019960283087,-85.66588535584263
1.140320062637329,-14.377382520483833,-85.85597129606748
1.141319751739502,-14.579541944875308,-86.04463637013902
1.142319679260254,-14.782272865446902,-86.23180902889422
1.142319679260254,-14.985342116958009,-86.41744132004052
1.1433196067810059,-15.188772828154697,-86.60175088678587
1.1453204154968262,-15.392550683561199,-86.7849473573112
1.1463203430175781,-15.596430194977225,-86.96705290773828
1.1473197937011719,-15.80020099084742,-87.14813007838028
1.1483206748962402,-16.00383965779607,-87.32839720458908
1.1493208408355713,-16.207292634397778,-87.50801746574886
1.1503198146820068,-16.41037938405497,-87.68700418512773
1.151320219039917,-16.612985945657204,-87.86539122773209
1.1523199081420898,-16.81513141023352,-88.04329701623789
1.1533193588256836,-17.016799931960684,-88.22078441517942
1.1543195247650146,-17.217891593800026,-88.39782421275456
1.1553192138671875,-17.418358180179425,-88.57441924116203
1.1563193798065186,-17.622221541418877,-88.75415188284448
1.1573190689086914,-17.821477554912263,-88.92999403002054
1.1583192348480225,-18.020066624023748,-89.10543743280518
1.1593191623687744,-18.2179709473624,-89.28047868029331
1.1603195667266846,-18.415217879355744,-89.45514942986755
1.1613192558288574,-18.611800929772958,-89.62944611144721
1.1623191833496094,-18.807683126941814,-89.80333278981689
1.1633188724517822,-19.002861923768997,-89.97679865059357
1.1643190383911133,-19.197362798300347,-90.14985225000106
1.1653196811676025,-19.391186490211624,-90.32247432398327
1.166318655014038,-19.584317465950814,-90.49462476690616
1.1673188209533691,-19.77676728134983,-90.66628059093028
1.1683263778686523,-19.968566021756104,-90.8374274800928
1.1693198680877686,-20.159727949159578,-91.0080280244438
1.1703190803527832,-20.35026126927884,-91.17802903323802
1.1713190078735352,-20.54019720818216,-91.34738580042098
1.172318935394287,-20.72958220941783,-91.51605312049814
1.173318862915039,-20.918456133198223,-91.68396360143836
1.174318790435791,-21.106861481435914,-91.85103363319158
1.175318956375122,-21.294862674175885,-92.01717865669855
1.1763191223144531,-21.482538778509106,-92.1823059104618
1.177318811416626,-21.669967533409334,-92.34630188720566
1.1783185005187988,-21.857229159414764,-92.50904099032033
1.1793184280395508,-22.044413648442415,-92.67040110865688
1.18031907081604,-22.231608658768305,-92.8302651204309
1.1813185214996338,-22.418883714170505,-92.98851917920571
1.1823389530181885,-22.60629153393281,-93.145061899938
1.1833195686340332,-22.79387511546527,-93.29981271499221
1.1843371391296387,-22.98166473543588,-93.45270686415932
1.185319185256958,-23.169673859282362,-93.60368755873114
1.1863203048706055,-23.3579054855213,-93.75270666624276
1.187331199645996,-23.546359633474836,-93.8997268499075
1.188326120376587,-23.735031548102192,-94.04471736432292
1.1893260478973389,-23.923908325386428,-94.18764954577087
1.190333604812622,-24.112972404322637,-94.32849834809838
1.191331386566162,-24.30220576421348,-94.46724464343875
1.1923186779022217,-24.491587978061485,-94.60387310968035
1.1933259963989258,-24.681093435743357,-94.73836985608416
1.1943259239196777,-24.870693489948003,-94.87072379943754
1.1953260898590088,-25.0603591338046,-95.00092844406421
1.1963181495666504,-25.250059497837462,-95.12898075290114
1.1973257064819336,-25.439759760658422,-95.25487987279946
1.1987993717193604,-25.62942249713107,-95.37862823124017
1.200803279876709,-25.819009381245856,-95.50023303978283
1.201810598373413,-26.00848006985337,-95.61970589278965
1.2028048038482666,-26.197790533553068,-95.73706234327403
1.203803300857544,-26.386893738208492,-95.8523230731456
1.2048027515411377,-26.575740645140318,-95.96551540538472
1.2058031558990479,-26.764279189032848,-96.07667383357021
1.2068026065826416,-26.952452854214258,-96.18584037692402
1.20780348777771,-27.140200707082638,-96.29306622120814
1.2088027000427246,-27.327457934401743,-96.39841335267177
1.2088027000427246,-27.514155035439817,-96.50195551070736
1.2098026275634766,-27.700217082996954,-96.60377814415536
1.2108025550842285,-27.885564462501566,-96.70397808525807
1.2118027210235596,-28.070114960917035,-96.80266138870412
1.2128026485443115,-28.253785904296905,-96.89993866562456
1.2138025760650635,-28.436496833277555,-96.99591828941917
1.2148027420043945,-28.61817283291268,-97.0906997516732
1.2158031463623047,-28.798747297387635,-97.18436878126694
1.2168030738830566,-28.978162583682348,-97.27699519456921
1.2178030014038086,-29.156368998923046,-97.36863336312304
1.2188026905059814,-29.333323446293065,-97.45932454911919
1.2198026180267334,-29.50898823975921,-97.54909975643817
1.221803903579712,-29.683329808073136,-97.6379820796343
1.222804307937622,-29.856317460042952,-97.72598834828739
1.223815679550171,-30.02792266947615,-97.8131303963372
1.2248098850250244,-30.19811881302016,-97.89941606405357
1.2258093357086182,-30.366880863458455,-97.98484986354264
1.2258093357086182,-30.53418496743012,-98.06943334581062
1.226809024810791,-30.700008197030822,-98.15316543103272
1.2278039455413818,-30.864328548957147,-98.23604273219729
1.2288141250610352,-31.02712488734774,-98.31805980416092
1.2298102378845215,-31.18837675723963,-98.39920923457349
1.230809211730957,-31.34806424290247,-98.47948174667764
1.2318031787872314,-31.506168000491872,-98.55886631272796
1.2328038215637207,-31.66266927704719,-98.63735026349978
1.2338035106658936,-31.817549835118204,-98.71491928676704
1.2348027229309082,-31.970791869419692,-98.79155742058465
1.235802412033081,-32.122378034402885,-98.86724706397733
1.236802339553833,-32.27229150546592,-98.94196897574496
1.2380964756011963,-32.420515961007865,-99.01570223830554
1.239107370376587,-32.567035558468625,-99.08842414951918
1.240119218826294,-32.71183494659772,-99.16011017717504
1.2411127090454102,-32.85489934240337,-99.23073386784357
1.242112398147583,-32.9962145556778,-99.30026675874916
1.243112325668335,-33.13576696790613,-99.36867827088484
1.2441167831420898,-33.273543551922195,-99.43593557099284
1.2451145648956299,-33.40953186902824,-99.50200355760018
1.2461049556732178,-33.54372006592399,-99.5668447961908
1.2471122741699219,-33.67609678075496,-99.63041955272513
1.2481131553649902,-33.80665096318809,-99.69268597955819
1.249107837677002,-33.93537170128303,-99.75360034688474
1.2511260509490967,-34.062247900480216,-99.81311760782478
1.2521159648895264,-34.18726784851531,-99.871192124423
1.253105640411377,-34.31041873297214,-99.9277785185702
1.2541179656982422,-34.43168603180111,-99.98283289309005
1.2551147937774658,-34.55105295076394,-100.03631399665021
1.256112813949585,-34.66849997444455,-100.0881842631217
1.2571125030517578,-34.784004441788774,-100.1384108663844
1.2571125030517578,-34.89754038298251,-100.18696629533868
1.2581119537353516,-35.009079780712185,-100.23382722554805
1.2591121196746826,-35.118591216867884,-100.27897123290101
1.2601048946380615,-35.22604145799118,-100.32238011323594
1.2621049880981445,-35.33139558712478,-100.36404156986467
1.2631056308746338,-35.43461512642891,-100.40394842597404
1.2631056308746338,-35.535657755985966,-100.44209818863874
1.2641048431396484,-35.63447893437479,-100.47849300838105
1.2651052474975586,-35.73103313099554,-100.51313956215274
1.2671070098876953,-35.82527417096606,-100.5460477678519
1.2682628631591797,-35.917153206949294,-100.57722799973449
1.2692680358886719,-36.00661967652614,-100.60669222880644
1.2702665328979492,-36.09362335567501,-100.63445595347784
1.2712783813476562,-36.17811340775358,-100.66053843377696
1.272268295288086,-36.26003646537541,-100.68496081657284
1.2732784748077393,-36.33933707716067,-100.70774566731846
1.2742743492126465,-36.415960454589985,-100.72891900422277
1.2752737998962402,-36.489851810440776,-100.748510707246
1.2762763500213623,-36.56095441882466,-100.76655421115144
1.2772748470306396,-36.62920921200674,-100.78308642300901
1.2782738208770752,-36.69455629736638,-100.79814799412429
1.279273271560669,-36.75693625090009,-100.81178351189938
1.2802681922912598,-36.81628970606027,-100.82404137159298
1.2812764644622803,-36.872556205532945,-100.83497357090869
1.2833549976348877,-36.92562227569981,-100.84462650500518
1.2843596935272217,-36.97491609618181,-100.85297545232567
1.2853593826293945,-37.02011815653201,-100.86005873292794
1.286360502243042,-37.06206215532466,-100.86609709723211
1.2873597145080566,-37.101634819796075,-100.87128792253358
1.2883591651916504,-37.13859909737148,-100.8756589034816
1.2893595695495605,-37.17206961406957,-100.87917688616076
1.2903592586517334,-37.201812220822305,-100.88190618730178
1.2913589477539062,-37.22851761950281,-100.88399816246496
1.2923591136932373,-37.25280901851149,-100.88557373107817
1.2933590412139893,-37.274417947987395,-100.88667909257767
1.294358730316162,-37.2927082281179,-100.88735494450003
1.2953588962554932,-37.30765536379073,-100.88768641944408
1.296358585357666,-37.31986167248133,-100.88777181326495
1.297358512878418,-37.3296868916678,-100.88768569546525
1.2983596324920654,-37.33681059260254,-100.88749497245884
1.2993597984313965,-37.34084146105929,-100.88728098731218
1.3003590106964111,-37.34195836492736,-100.88712066569144
1.3013596534729004,-37.34065016441314,-100.88706948699503
1.302358865737915,-37.33702506629686,-100.88718837248513
1.303358793258667,-37.33076842606303,-100.88756688124074
1.3043584823608398,-37.32175037797714,-100.88829053900551
1.305358648300171,-37.31028096262111,-100.88940456599825
1.306358814239502,-37.29666791782438,-100.89094340459222
1.3073582649230957,-37.28083030442223,-100.89298194388556
1.3083586692810059,-37.26256902631306,-100.89561590509577
1.309358835220337,-37.241991331892926,-100.89889950098257
1.3103585243225098,-37.21940165856907,-100.90284860684685
1.3113584518432617,-37.19489398620888,-100.90750796552392
1.3123583793640137,-37.16833636938268,-100.91296527294867
1.3133587837219238,-37.13972697370994,-100.91928466832634
1.3143587112426758,-37.109293105198496,-100.9264765934351
1.3153581619262695,-37.07720248925792,-100.93455783478606
1.3163580894470215,-37.04341312546955,-100.94359439115406
1.3173773288726807,-37.00789692014806,-100.95364978100886
1.3193597793579102,-36.97081089063817,-100.96473360182364
1.320359230041504,-36.932331942100056,-100.97684309741413
1.320359230041504,-36.892481603694655,-100.9900193634269
1.3213586807250977,-36.85124511855885,-101.00431478340751
1.3223583698272705,-36.8087376321118,-101.01973532721608
1.3233582973480225,-36.765119744076564,-101.036265150129
1.3243579864501953,-36.72044572678809,-101.05392337987661
1.3253581523895264,-36.67472370735328,-101.07274493865421
1.3263580799102783,-36.62804923803134,-101.09272744126541
1.3273577690124512,-36.5805621207176,-101.1138467191177
1.3283579349517822,-36.53233061537893,-101.1361061283154
1.3293588161468506,-36.483384137517575,-101.1595244588417
1.3303580284118652,-36.433812043646114,-101.18408943972311
1.3313584327697754,-36.38373573249867,-101.20976837853193
1.3333783149719238,-36.333225160753315,-101.23654997676304
1.3343591690063477,-36.28232420502397,-101.26443375073366
1.3353588581085205,-36.23111955424214,-101.29339349768105
1.3363580703735352,-36.17971694994982,-101.32338847890477
1.337357759475708,-36.12818493177922,-101.35439549875954
1.338357925415039,-36.076577379410416,-101.38639686728946
1.339357614517212,-36.02497848794129,-101.41935251528972
1.340357780456543,-35.97348013260012,-101.45321256305975
1.341357707977295,-35.92214638911759,-101.48794039333495
1.3423573970794678,-35.87103520232204,-101.52349938510208
1.3433575630187988,-35.820225129926285,-101.55983434431514
1.344357967376709,-35.76979484899337,-101.59688528765673
1.34535813331604,-35.71980425788522,-101.63460293157904
1.346358060836792,-35.67031305262763,-101.67293560050472
1.3473577499389648,-35.621394293420934,-101.71181798490437
1.3483576774597168,-35.57311760105664,-101.75118305377458
1.349358081817627,-35.52553955735791,-101.790969800897
1.350358009338379,-35.47871802782051,-101.83111227779808
1.3513576984405518,-35.43271871623859,-101.87153474410752
1.3523578643798828,-35.387602722255245,-101.91216136686052
1.3533577919006348,-35.34342278658378,-101.95291953785903
1.3543579578399658,-35.30023302923332,-101.99373121567652
1.3553576469421387,-35.25809089255194,-102.0345108755952
1.3563573360443115,-35.21704933325293,-102.075172894159
1.3573575019836426,-35.177155816197924,-102.11563290167156
1.3583574295043945,-35.13845844973867,-102.15580183900543
1.3593580722808838,-35.10100658175075,-102.19558539661278
1.3613581657409668,-35.0648469937171,-102.23488944339978
1.3623573780059814,-35.03002360014916,-102.27361988992558
1.3633577823638916,-34.996579361692255,-102.31168027794767
1.3643579483032227,-34.964557370132745,-102.34896973953714
1.3653573989868164,-34.933998728802905,-102.38538501550332
1.366356611251831,-34.90494113279805,-102.42082207862828
1.3673579692840576,-34.87742019287371,-102.45517456659937
1.3683574199676514,-34.85147053466656,-102.4883323103282
1.3693575859069824,-34.82712514479434,-102.5201829738129
1.3703575134277344,-34.80441494354136,-102.55061277850429
1.3723576068878174,-34.78336833186317,-102.57950555950634
1.3733572959899902,-34.764011317274,-102.60674269534834
1.3743572235107422,-34.74636760522703,-102.63220233664063
1.3753588199615479,-34.730458070332034,-102.65575969025157
1.3763582706451416,-34.71630016088329,-102.67728750647073
1.3773574829101562,-34.70390777687359,-102.69665589337629
1.3783574104309082,-34.693291336054855,-102.71373178760513
1.3793573379516602,-34.68445754173123,-102.72837881499576
1.380357265472412,-34.677408877401184,-102.74045756519857
1.3823578357696533,-34.67214317672944,-102.74982575287444
1.383357048034668,-34.66865339411254,-102.75633802568757
1.3843574523925781,-34.66692738986615,-102.75984569746997
1.385357141494751,-34.666947558498045,-102.76019671880151
1.3863563537597656,-34.668690345622,-102.75723584619375
1.3873567581176758,-34.672135714913196,-102.75078458754226
1.3883569240570068,-34.67745528056832,-102.74024494590454
1.3883569240570068,-34.68472820325544,-102.72515553824702
1.3893566131591797,-34.69359212862921,-102.70598507485177
1.391357421875,-34.70360220804425,-102.68344161456957
1.392357349395752,-34.71462834941478,-102.6575596814333
1.3933570384979248,-34.726832638716196,-102.62764942721928
1.394357442855835,-34.7403306940953,-102.59305450876903
1.3953568935394287,-34.754988873239704,-102.55370455795057
1.3963570594787598,-34.77060080103833,-102.5097120295554
1.3973567485809326,-34.787026284345565,-102.46100000671457
1.3983726501464844,-34.80403537499592,-102.40776073067214
1.3993566036224365,-34.82136474374476,-102.3503218728971
1.4003567695617676,-34.8388311664125,-102.28877729939853
1.4013562202453613,-34.85634011235182,-102.22289933554465
1.4023561477661133,-34.873795651931104,-102.15241606188052
1.4033565521240234,-34.890684935225494,-102.07902774004937
1.4043562412261963,-34.909330585543394,-101.99982913578779
1.4053561687469482,-34.93051916842465,-101.91510647100814
1.4063570499420166,-34.95396019668965,-101.82721055742442
1.4073567390441895,-34.9793352238566,-101.73782829126739
1.4083569049835205,-35.00699691717549,-101.64606611423491
1.4093563556671143,-35.037644606724484,-101.54995296565822
1.4103565216064453,-35.07160872383096,-101.44885723534921
1.4113564491271973,-35.108590831149606,-101.34404764676981
1.4123573303222656,-35.14808156945561,-101.23726592687768
1.4133563041687012,-35.19009081559879,-101.12872911670398
1.4143569469451904,-35.23521229696164,-101.01712480493326
1.4163563251495361,-35.283929052981634,-100.90148342047584
1.4173569679260254,-35.336146386530324,-100.78225568107973
1.4184134006500244,-35.39138429211782,-100.66075661958966
1.4194262027740479,-35.44941200095933,-100.5376771275817
1.4204134941101074,-35.51060377644523,-100.41237444580753
1.421412706375122,-35.575411506289065,-100.28405641206112
1.4224131107330322,-35.64382060724217,-100.1528295924415
1.4234130382537842,-35.71569065470619,-100.01903423167794
1.4254143238067627,-35.79088479448437,-99.88308110206887
1.4264135360717773,-35.86925863315651,-99.74541722101
1.4274137020111084,-35.95091715735463,-99.60599770057583
1.4284131526947021,-36.03598543154095,-99.46468679597866
1.4294147491455078,-36.124468156190936,-99.3214438953543
1.430413007736206,-36.216348677906275,-99.17620937861864
1.431417465209961,-36.31160009621407,-99.02892781405855
1.4324166774749756,-36.41018935526751,-98.87956303468492
1.4334166049957275,-36.51209465162028,-98.72810533029897
1.4344165325164795,-36.61729518832498,-98.57456431299205
1.4354166984558105,-36.7257669956267,-98.41895564833267
1.4374170303344727,-36.83748601089518,-98.2612910166615
1.438417673110962,-36.9524324787335,-98.1015732828432
1.4394171237945557,-37.070593549159355,-97.93979286683508
1.4404172897338867,-37.19195938905018,-97.77592677481005
1.4414165019989014,-37.31652048678295,-97.6099385275174
1.4424166679382324,-37.44426561158244,-97.44178010792662
1.4434170722961426,-37.575180120846035,-97.27139419583963
1.4444167613983154,-37.70924483833356,-97.09871571809147
1.4454164505004883,-37.8464355442634,-96.92367235069865
1.4459202289581299,-37.98672296443652,-96.74618399606628
1.4469246864318848,-38.13007299495882,-96.5661614325558
1.447925090789795,-38.27644696506209,-96.38350448756033
1.4489250183105469,-38.42580170351492,-96.19809998657344
1.4499249458312988,-38.57808933781929,-96.00981971428774
1.4509248733520508,-38.73325677006737,-95.81851845014046
1.4519248008728027,-38.891214015911714,-95.62406976000089
1.452925443649292,-39.05133706568555,-95.42702512774163
1.4539251327514648,-39.21254640406866,-95.22864822922996
1.4549243450164795,-39.373730131912794,-95.03030290353077
1.4559245109558105,-39.534438294388664,-94.8325427765581
1.4569246768951416,-39.69628756621565,-94.63337845198791
1.4579243659973145,-39.86424639050041,-94.42669599113879
1.4589245319366455,-40.042661744489514,-94.20680896093171
1.4599244594573975,-40.22127020867502,-93.99387988534613
1.4619243144989014,-40.40691567267163,-93.77958562381836
1.4629240036010742,-40.59512556974562,-93.56258922232479
1.4639244079589844,-40.78487734896718,-93.34757373687262
1.4649238586425781,-40.97779284303951,-93.13139289162997
1.4659245014190674,-41.17284823034621,-92.91529356193887
1.4669244289398193,-41.36997797770869,-92.69909483648829
1.4679250717163086,-41.56938620157558,-92.48233300415228
1.4689242839813232,-41.77098894477485,-92.26484171328215
1.469923973083496,-41.97427362056154,-92.04704954622902
1.471924066543579,-42.17943179372086,-91.82861079218598
1.4729242324829102,-42.38635310247725,-91.60952397877288
1.473924160003662,-42.59485802325889,-91.3898587953065
1.4749236106872559,-42.80506668072494,-91.16942030434451
1.475924015045166,-43.01664919002169,-90.94845343148813
1.476923942565918,-43.229795236372915,-90.72669919759672
1.4779243469238281,-43.444338803615906,-90.50426620232561
1.478924036026001,-43.66020838382176,-90.28116844404815
1.479923963546753,-43.87736690059877,-90.05740102704011
1.4809236526489258,-44.09576426152978,-89.83294464030168
1.4829246997833252,-44.31552010421763,-89.60764386875135
1.483924150466919,-44.536298218574835,-89.3817929475765
1.4849236011505127,-44.758399345402566,-89.15504419394607
1.4859232902526855,-44.98144862282467,-88.92774861322735
1.4869236946105957,-45.2054172720942,-88.6998943342852
1.4879233837127686,-45.430753611357275,-88.47100418493852
1.4889237880706787,-45.65675845859482,-88.24174936405994
1.4899241924285889,-45.884036980327814,-88.01150167728731
1.4909234046936035,-46.11213600637262,-87.78068524090051
1.4919230937957764,-46.34104657490196,-87.54929223727254
1.4929230213165283,-46.570949630065435,-87.31712063325143
1.4939234256744385,-46.8015549007708,-87.08444168758379
1.4959232807159424,-47.03316176011663,-86.85094109063895
1.4969232082366943,-47.265403250371556,-86.61696937465092
1.4979238510131836,-47.498565598268655,-86.38222847742546
1.4989233016967773,-47.73238236765153,-86.14696970305653
1.4999237060546875,-47.96680457482879,-85.91123171806257
1.5009233951568604,-48.20207174782881,-85.67476854203511
1.5019230842590332,-48.43837362909691,-85.43737219171562
1.5029230117797852,-48.67495539104757,-85.19979125089766
1.5039231777191162,-48.912339509966785,-84.96149319163841
1.504922866821289,-49.150345461689355,-84.72265480774261
1.505922794342041,-49.38894214361128,-84.48329855891636
1.506922960281372,-49.628233427146924,-84.24331437933924
1.508922815322876,-49.868010295998616,-84.00290739451472
1.509922742843628,-50.10833348913245,-83.76200786126275
1.510923147201538,-50.34942924261754,-83.52038722611991
1.5119235515594482,-50.59095089845543,-83.27838685476681
1.512922763824463,-50.8329543025753,-83.03594637459334
1.513923168182373,-51.075732127612326,-82.79277089058664
1.5149226188659668,-51.31877122877914,-82.54936868453271
1.515923023223877,-51.56239253152967,-82.3054175501915
1.516922950744629,-51.80655402096528,-82.06095514088682
1.5179228782653809,-52.051009962897574,-81.81622487415993
1.518923044204712,-52.296202178478275,-81.57078293354746
1.5199229717254639,-52.54166355778151,-81.32509420206152
1.5219228267669678,-52.787595110016056,-81.07895566234964
1.5229225158691406,-53.034122196523626,-80.83224039190952
1.5239224433898926,-53.28095493341484,-80.58523577797266
1.5249226093292236,-53.52815891897558,-80.33787533825047
1.5259225368499756,-53.77584989077325,-80.0900417007586
1.5269227027893066,-54.02384381731754,-79.84191810922586
1.5279226303100586,-54.272184390812534,-79.59345959283473
1.5289223194122314,-54.521023621653896,-79.3445128088069
1.5299224853515625,-54.77018616243595,-79.09525225995162
1.5309224128723145,-55.019847763474104,-78.8455017185295
1.5319225788116455,-55.26959059955044,-78.59567805749553
1.5329222679138184,-55.51985177377071,-78.34534307660361
1.5339229106903076,-55.770520682528414,-78.09460694902896
1.5349218845367432,-56.02136356333213,-77.84370291088239
1.5359220504760742,-56.272661713226384,-77.59234916034245
1.5369224548339844,-56.52419262074142,-77.3407676587893
1.5379223823547363,-56.77603018972253,-77.08888411179203
1.5399222373962402,-57.02824269134032,-76.8366297494415
1.5409221649169922,-57.28051992046469,-76.58431449192847
1.5419228076934814,-57.53340549725467,-76.33139431518762
1.5429227352142334,-57.78626966490196,-76.07849866882687
1.5439224243164062,-58.03960544964655,-75.8251342232803
1.544922113418579,-58.29323351362836,-75.57148013521036
1.545922040939331,-58.54695586027047,-75.3177341231908
1.546921730041504,-58.80124052882601,-75.06342798638983
1.5479216575622559,-59.055369360157805,-74.80927960137295
1.5489227771759033,-59.31003622142463,-74.55459496160334
1.5499441623687744,-59.56485544330024,-74.29975958589375
1.5519299507141113,-59.819865575564314,-74.0447347519406
1.5529289245605469,-60.075314470641636,-73.78927250468008
1.5539286136627197,-60.33079591922924,-73.53377887767732
1.5549290180206299,-60.58644526133978,-73.27811848897655
1.5559306144714355,-60.842366163067794,-73.02218752253354
1.5569298267364502,-61.0987382620875,-72.76580629102831
1.5579288005828857,-61.354977979951144,-72.50955825778964
1.5592572689056396,-61.61158654789924,-72.25294215626687
1.5602688789367676,-61.868311672416866,-71.99621018267595
1.5612678527832031,-62.12539887745352,-71.73911676547434
1.562267780303955,-62.38241557033119,-71.482094423185
1.5632681846618652,-62.63996681762548,-71.22453805557063
1.564267873764038,-62.897260998760494,-70.96723921835581
1.5654215812683105,-63.15490182972423,-70.70959417939629
1.5664386749267578,-63.41301540500156,-70.45147674798991
1.5674331188201904,-63.67102078514131,-70.19346787147661
1.5684318542480469,-63.92921801758554,-69.93526746488276
1.569432258605957,-64.18768949895036,-69.67679309856256
1.5704319477081299,-64.44613555309769,-69.41834442264445
1.571432113647461,-64.70483481976845,-69.15964277352717
1.5724318027496338,-64.9637631230782,-68.90071230577658
1.5734317302703857,-65.2226959122312,-68.64177754837982
1.5754334926605225,-65.48185760716467,-68.38261406459071
1.576432704925537,-65.7411669869292,-68.12330306094105
1.5774245262145996,-66.00048304075142,-67.86398553050475
1.5784330368041992,-66.26015714201512,-67.60431008783208
1.5794320106506348,-66.51976230418146,-67.34470370758608
1.5804316997528076,-66.7796042582321,-67.0848606465888
1.5814313888549805,-67.03934122313277,-66.8251226764344
1.5824253559112549,-67.29932678937885,-66.56513620046506
1.584425687789917,-67.55973117991002,-66.30473098143837
1.5854249000549316,-67.8201600840611,-66.04430132136436
1.5864245891571045,-68.08046189533509,-65.78399882411145
1.5874242782592773,-68.3410422247337,-65.52341787278176
1.5884242057800293,-68.60171498036576,-65.26274455324231
1.5894243717193604,-68.86234189703883,-65.00211712482526
1.5904254913330078,-69.12305509961368,-64.74140345634662
1.5914244651794434,-69.38402897339321,-64.48042916046934
1.5924241542816162,-69.64536447081572,-64.21909327818044
1.5934243202209473,-69.90653686178541,-63.957920537874884
1.5944242477416992,-70.16783042241352,-63.696626660115385
1.5954241752624512,-70.42921684850253,-63.43523994617934
1.5964243412017822,-70.69074663099798,-63.17370990200056
1.597424030303955,-70.95221247274063,-62.912243822864475
1.5988750457763672,-71.21381081532857,-62.65064526510846
1.599879503250122,-71.47543538340449,-62.38902050099665
1.6008808612823486,-71.73751631698016,-62.12693938982778
1.6018805503845215,-71.99917960952124,-61.86527593580921
1.6028790473937988,-72.26120138744632,-61.60325401114889
1.6038792133331299,-72.52342280419752,-61.341032461241085
1.6048789024353027,-72.78535389038413,-61.07910125428074
1.6058788299560547,-73.04778072787178,-60.81667430688646
1.6068792343139648,-73.31010282020206,-60.55435211474601
1.6078789234161377,-73.5723597465847,-60.29209509774736
1.6098787784576416,-73.8348079483426,-60.02964681400801
1.6108787059783936,-74.09742979266359,-59.76702489502153
1.6118786334991455,-74.35994910215514,-59.50450551767117
1.6128783226013184,-74.62255274032914,-59.24190181790321
1.6138782501220703,-74.88540915306412,-58.97904534945134
1.6148786544799805,-75.14791749628728,-58.71653695548243
1.6158790588378906,-75.41084782998539,-58.45360657576997
1.616879940032959,-75.67386784861206,-58.19058651531713
1.6178793907165527,-75.9367393030304,-57.927715022894255
1.6188786029815674,-76.19990001805836,-57.66455427339738
1.6208789348602295,-76.46282916135416,-57.40162509878006
1.6218788623809814,-76.72597725483006,-57.13847697695616
1.6228785514831543,-76.98930174542987,-56.875152460550105
1.6238784790039062,-77.25247766685972,-56.61197651569421
1.6248786449432373,-77.51579891947279,-56.348655241831835
1.6258783340454102,-77.77921937871903,-56.08523476331235
1.626878261566162,-78.0425336924099,-55.821920432125545
1.627877950668335,-78.30601329104125,-55.558440817613025
1.6288783550262451,-78.56957492756479,-55.294879166680865
1.629878282546997,-78.83297909526276,-55.031474985892444
1.630878210067749,-79.09656549127898,-54.76788857802639
1.6318788528442383,-79.36033422139889,-54.50411983710458
1.6328785419464111,-79.62402040601972,-54.24043364268804
1.633878231048584,-79.88775232606162,-53.97670171375651
1.635878324508667,-80.15154372038218,-53.712910311377264
1.6368780136108398,-80.41528369483976,-53.44917032959332
1.6378777027130127,-80.67911381869128,-53.18534019908806
1.6388776302337646,-80.94308342846338,-52.921370583279355
1.6398777961730957,-81.20682536360724,-52.65762864266677
1.6408777236938477,-81.4707643347776,-52.39368966651479
1.6418776512145996,-81.73498710187226,-52.129466894912255
1.6428775787353516,-81.99886354102973,-51.86559045165879
1.6438775062561035,-82.2630068300188,-51.60144715895361
1.6448779106140137,-82.52707063139772,-51.337383354210694
1.6458778381347656,-82.79113337784992,-51.07332060471191
1.6468777656555176,-83.05517124858784,-50.80928273119911
1.6478776931762695,-83.3197224969201,-50.54473148034986
1.6498796939849854,-83.58388555544352,-50.28056841953715
1.6508936882019043,-83.84819734325575,-50.01625662965185
1.6518802642822266,-84.11254313722637,-49.75191083379752
1.652881383895874,-84.37671262703452,-49.487741342280025
1.6538786888122559,-84.64087114622592,-49.22358282154321
1.6548776626586914,-84.90533632716412,-48.95911763920185
1.6568777561187744,-85.16979725595209,-48.69465670914118
1.6578776836395264,-85.43448080622595,-48.4299731577106
1.6588773727416992,-85.69885676830518,-48.16559719458107
1.6598773002624512,-85.9631906317222,-47.90126333021112
1.6608774662017822,-86.2275929406571,-47.63686102041305
1.6618785858154297,-86.49248504696305,-47.37196891332255
1.6628775596618652,-86.75696549036202,-47.10748846920936
1.6638777256011963,-87.02168983090922,-46.84276412801742
1.6648776531219482,-87.28611169114428,-46.578342267194934
1.6658775806427002,-87.55084938367793,-46.31360457412873
1.6668791770935059,-87.81547788425692,-46.04897607306676
1.6688790321350098,-88.08017299841828,-45.78428095846699
1.669877529144287,-88.34493278825457,-45.51952116823343
1.6708776950836182,-88.60956740003124,-45.254886556096
1.671877384185791,-88.8745151493532,-44.989938806447434
1.6728777885437012,-89.1391006832132,-44.725353272290604
1.673877239227295,-89.40405285871849,-44.46040109651656
1.6748771667480469,-89.66870530041439,-44.19574865457653
1.675877332687378,-89.93359459261707,-43.93085936215261
1.6768770217895508,-90.19843638698323,-43.66601756758586
1.6778771877288818,-90.46327178794016,-43.40118216644685
1.6788768768310547,-90.72823540460625,-43.1362185496158
1.6798770427703857,-90.99300980768864,-42.8714441463835
1.6808769702911377,-91.25815437056494,-42.60629958337139
1.6828782558441162,-91.52286990113174,-42.34158405268136
1.6839830875396729,-91.78800714288079,-42.07644681082058
1.684983730316162,-92.05278747908338,-41.81166647451664
1.6859829425811768,-92.31785544631619,-41.54659850719181
1.6869828701019287,-92.58281823713956,-41.28163571628513
1.6879827976226807,-92.8478226419784,-41.016631311370546
1.6889822483062744,-93.1129039920101,-40.751549961270364
1.6899824142456055,-93.37784075012159,-40.486613203096574
1.6919825077056885,-93.64309679929902,-40.22135715386276
1.6929821968078613,-93.90796687959241,-39.95648707351813
1.6939821243286133,-94.17327522940852,-39.691178723655575
1.6949822902679443,-94.43814073433596,-39.426313218685955
1.6959822177886963,-94.70337055208783,-39.161083400895954
1.6969821453094482,-94.9684151302988,-38.89603882265029
1.6979827880859375,-95.23372929832746,-38.63072465459014
1.6989836692810059,-95.49866442897137,-38.365789523917684
1.6999835968017578,-95.76402339738688,-38.100430555476294
1.7019824981689453,-96.02917600690705,-37.83527794593256
1.7029824256896973,-96.29421323408747,-37.570240718730744
1.7039821147918701,-96.55957973614518,-37.30487421665376
1.704982042312622,-96.82453407708934,-37.03991987569203
1.7059822082519531,-97.08987934120452,-36.77457461156097
1.706982135772705,-97.355030733401,-36.50942321935005
1.707982063293457,-97.6204074969379,-36.24404645580008
1.708982229232788,-97.88565580437115,-35.97879814835499
1.70998215675354,-98.1507931448078,-35.7136608079075
1.710982084274292,-98.41614309093333,-35.44831086177219
1.7119817733764648,-98.6814163180334,-35.18303763466321
1.712981939315796,-98.94669570967984,-34.91775824300865
1.713982105255127,-99.21194156925112,-34.65251238343005
1.7149813175201416,-99.4773175467423,-34.38713640593224
1.7159826755523682,-99.7425959424819,-34.121858010186564
1.716982364654541,-100.00788524346706,-33.85656870919594
1.7189815044403076,-100.27327594871004,-33.5911780039479
1.7199814319610596,-100.53857324806852,-33.32588070458488
1.7209815979003906,-100.80387177523524,-33.06058217741402
1.7219820022583008,-101.0692755846894,-32.795178367956154
1.7229816913604736,-101.33463423159971,-32.52981972104245
1.7239813804626465,-101.59994919208357,-32.264504760555546
1.7249817848205566,-101.8653648001437,-31.99908915249266
1.7259817123413086,-102.13073554809809,-31.733718404535722
1.7269818782806396,-102.3960659761302,-31.4683879765013
1.7279815673828125,-102.66149697006065,-31.20295698256877
1.7289814949035645,-102.92692199003565,-30.937531962591862
1.7299816608428955,-103.19226255692136,-30.672191395704452
1.7309815883636475,-103.45770464908652,-30.406749303537705
1.7319815158843994,-103.72314154131776,-30.14131241130508
1.7339818477630615,-103.98849435295722,-29.875959599664355
1.7349815368652344,-104.25394778857766,-29.610506164042764
1.7359812259674072,-104.51943703599085,-29.34501691662851
1.7369811534881592,-104.78479848770273,-29.07965546491564
1.7379813194274902,-105.05026084141349,-28.814193111204034
1.7389812469482422,-105.31575892450267,-28.548695028114093
1.7399811744689941,-105.58113022826565,-28.28332372435043
1.7409813404083252,-105.8466021035428,-28.017851849072667
1.7419812679290771,-106.11215103871598,-27.752302913898916
1.7429814338684082,-106.37752862997172,-27.486925322642627
1.7439820766448975,-106.64300722696284,-27.221446725650992
1.744981288909912,-106.9085628539024,-26.95589109871102
1.745981216430664,-107.17394844435275,-26.69050550826026
1.746981143951416,-107.4394347005997,-26.425019252012923
1.747981071472168,-107.70501940447942,-26.159434548132882
1.748981237411499,-107.97042963605226,-25.894024316559776
1.749981164932251,-108.23592081500747,-25.628533137604283
1.751981496810913,-108.50151038694054,-25.36294356567093
1.7529807090759277,-108.76692677179905,-25.097527180812193
1.7539806365966797,-109.03242397415099,-24.83202997846007
1.7549808025360107,-109.29801899245025,-24.56643496016065
1.7559807300567627,-109.5634807745268,-24.300973178083936
1.7569811344146729,-109.82898126916987,-24.035472683440727
1.7579805850982666,-110.09457964056318,-23.76987431204728
1.7589809894561768,-110.36004583933897,-23.504408113271374
1.759981632232666,-110.6255509301187,-23.23890302249149
1.7609810829162598,-110.89115339602154,-22.97330055658855
1.7619805335998535,-111.15666387167016,-22.70779008093982
1.7629809379577637,-111.42217080259441,-22.442283150015456
1.7639808654785156,-111.68777528764682,-22.176678664962967
1.7659814357757568,-111.9532886316422,-21.911165320967534
1.7669916152954102,-112.21879889887525,-21.64565505373439
1.767982006072998,-112.48440629340564,-21.380047659203907
1.7689809799194336,-112.74996300025357,-21.114490952355872
1.7699811458587646,-113.01547380829234,-20.848980144317068
1.7709808349609375,-113.28108203891405,-20.583371913695277
1.7719802856445312,-113.54664023073545,-20.317813721873847
1.7729804515838623,-113.81215326460011,-20.052300688009126
1.7739803791046143,-114.07776336643695,-19.78669058617224
1.7759816646575928,-114.34336419215394,-19.52108976045524
1.7769806385040283,-114.60887659788337,-19.25557735472574
1.7779808044433594,-114.87448648414242,-18.989967468466645
1.7789876461029053,-115.14008755739565,-18.72436639521335
1.7799882888793945,-115.40560120818547,-18.458852744423496
1.7819812297821045,-115.67121205469998,-18.193241897909008
1.7829813957214355,-115.93685520151413,-17.92759875109487
1.7839806079864502,-116.20236716725519,-17.662086785353797
1.784980297088623,-116.4679768600307,-17.396477092578273
1.785980463027954,-116.73361914508918,-17.130834807519737
1.786980390548706,-116.99913148778018,-16.865322464828697
1.787980318069458,-117.26474134072731,-16.599712611881518
1.7889800071716309,-117.53042529363367,-16.33402865897526
1.789980411529541,-117.79593498971663,-16.0685189628923
1.790980339050293,-118.06154284837312,-15.802911104235893
1.792980432510376,-118.32722494291484,-15.537229009694194
1.7939798831939697,-118.59273424560708,-15.271719707001935
1.7949798107147217,-118.85834156071712,-15.006112391891847
1.7959797382354736,-119.12404472259175,-14.740409230017242
1.7969799041748047,-119.38957083514275,-14.474883117466256
1.7979798316955566,-119.65517539903443,-14.209278553574547
1.7989799976348877,-119.92087591904657,-13.943578033562439
1.799992322921753,-120.18640083845494,-13.67805311415406
1.800987720489502,-120.45200423869396,-13.412449713915048
1.80198073387146,-120.71770316991123,-13.146750782697831
1.8029804229736328,-120.98326661127923,-12.881187341329808
1.8039798736572266,-121.24886657460925,-12.615587377999777
1.8059799671173096,-121.51456227567338,-12.349891676935588
1.8069801330566406,-121.78012368906766,-12.084330263541261
1.8079798221588135,-122.04572194104743,-11.818732011561455
1.8089797496795654,-122.31141556479845,-11.55303838781046
1.8099799156188965,-122.57701522456256,-11.287438728046318
1.8109796047210693,-122.84260941419096,-11.021844538417874
1.8119800090789795,-123.10829928127534,-10.75615467133353
1.8129796981811523,-123.37389615580435,-10.490557796804461
1.8139801025390625,-123.63948814894296,-10.224965803665913
1.8149797916412354,-123.90517551179411,-9.959278440814762
1.8169903755187988,-124.1708104580688,-9.69364349454007
1.817979335784912,-124.4363978138874,-9.428056138721471
1.8189795017242432,-124.7020809460904,-9.162373006518418
1.8199794292449951,-124.96771241833777,-8.89674153427103
1.8209795951843262,-125.23329714641754,-8.631156806191225
1.821979284286499,-125.49897740065137,-8.36547655195732
1.82297945022583,-125.7646468644821,-8.099807088126589
1.8239796161651611,-126.03022642202282,-7.834227530585904
1.824979543685913,-126.29590201597559,-7.568551936633176
1.825979471206665,-126.56156737742306,-7.302886575185628
1.826979160308838,-126.82714392223525,-7.03731003037344
1.827979326248169,-127.09281631027257,-6.771637642336144
1.828979253768921,-127.35851967224583,-6.505934280362859
1.8299791812896729,-127.62409054722964,-6.2403634053790595
1.8319802284240723,-127.88975788244008,-5.974696070168599
1.8329803943634033,-128.1554565670128,-5.708997385595788
1.833979845046997,-128.42102408381098,-5.443429868797546
1.8349792957305908,-128.6866879244481,-5.177766028160509
1.835979700088501,-128.95242470327625,-4.912029249332349
1.8369793891906738,-129.21798607784288,-4.6464678747657295
1.8379790782928467,-129.48364450373455,-4.38080944887396
1.8389790058135986,-129.74937607720403,-4.115077875404389
1.8409793376922607,-130.01493378172435,-3.849520170884106
1.8419792652130127,-130.28058845795303,-3.5838654946554085
1.8429787158966064,-130.54633796247623,-3.3181159901321924
1.8439788818359375,-130.81190941121503,-3.052544541393414
1.8449792861938477,-131.07755833563994,-2.7868956169685246
1.8459789752960205,-131.34330226224694,-2.5211516903615228
1.8469791412353516,-131.6088696435231,-2.255584309085445
1.8479788303375244,-131.8745145917271,-1.989939360881391
1.8489809036254883,-132.14025417741968,-1.7241997751888223
1.850980281829834,-132.4058573917332,-1.4585965608751885
1.8519792556762695,-132.6714962707646,-1.1929576818438052
1.8529789447784424,-132.93723005065166,-0.927223901956744
1.8539786338806152,-133.2028287156784,-0.6616252369299774
1.8549787998199463,-133.468463416024,-0.3959905365843984
1.8559784889221191,-133.73419270430682,-0.13026124830159924
1.8569786548614502,-133.99982725647266,0.13537330386409233
1.8579788208007812,-134.2654555853082,0.4010016326996128
1.8589789867401123,-134.5311788574278,0.6667249048191833
1.8599786758422852,-134.79680841269558,0.9323544600869804
1.860978603363037,-135.06243238055566,1.1979784279470198
1.861978530883789,-135.3281510305035,1.4636970778948275
1.862978458404541,-135.59381658755214,1.7293626349434497
1.863978385925293,-135.8594338923741,1.9949799397653976
1.866990089416504,-136.125146329521,2.260692376912313
1.8679802417755127,-136.39080647249907,2.5263525198904015
1.8689906597137451,-136.6564192507685,2.7919652981598793
1.8699862957000732,-136.9221269519777,3.057672999369062
1.870985984802246,-137.1878232703722,3.3233693177636088
1.8719799518585205,-137.45342910103068,3.588975148422188
1.8729901313781738,-137.71913040310335,3.854676450494869
1.873985767364502,-137.98482091733172,4.1203669647232655
1.874985694885254,-138.25042206950704,4.385968116898579
1.8759791851043701,-138.5161185357509,4.65166458314242
1.8769898414611816,-138.78184545701697,4.917391504408448
1.877986192703247,-139.04743938041628,5.182985427807795
1.8789854049682617,-139.31312926840945,5.448675315800964
1.8799853324890137,-139.57885001949046,5.714396066881943
1.8819804191589355,-139.84443912339967,5.979985170791159
1.8829798698425293,-140.11012408696527,6.245670134356692
1.8839797973632812,-140.3758815341889,6.511427581580277
1.8849780559539795,-140.64146312826827,6.777009175659671
1.8859775066375732,-140.90714133889705,7.042687386288476
1.8869853019714355,-141.17289227130817,7.3084383186995305
1.8889856338500977,-141.43846891339058,7.574014960781973
1.8899853229522705,-141.70414212000276,7.839688167394193
1.8909852504730225,-141.9699097564329,8.105455803824334
1.8919856548309326,-142.23549894333883,8.37104499073025
1.8929851055145264,-142.50116522420555,8.636711271596981
1.8939852714538574,-142.76692613402383,8.90247218141537
1.8949854373931885,-143.03251012891232,9.168056176303832
1.8959856033325195,-143.29817133316226,9.433717380553675
1.89699387550354,-143.56392682531936,9.69947287271097
1.8979859352111816,-143.82954560122116,9.965091648612805
1.8999850749969482,-144.09519970644527,10.230745753836956
1.9009861946105957,-144.36094838509177,10.49649443248356
1.901986837387085,-144.6265616252537,10.762107672645385
1.9029853343963623,-144.89221058645515,11.02775663384684
1.9039850234985352,-145.1579538289136,11.293499876305306
1.904984712600708,-145.42360203316997,11.559148080561654
1.9059844017028809,-145.68924371941108,11.824789766802603
1.906984567642212,-145.95498006168538,12.09052610907685
1.907984972000122,-146.2206224037326,12.356168451124065
1.908984661102295,-146.48625888214207,12.621804929533619
1.909985065460205,-146.7519897735998,12.887535820991388
1.9109852313995361,-147.01766730755062,13.153213354942231
1.9120018482208252,-147.2832963303592,13.418842377750842
1.912984848022461,-147.54902023349763,13.684566280889289
1.913985013961792,-147.8146915943319,13.95023764172343
1.9159770011901855,-148.08031534766997,14.215861395061664
1.916978359222412,-148.34603378793332,14.481579835325032
1.9179778099060059,-148.6117406135998,14.747286660991453
1.9189772605895996,-148.8773567240414,15.012902771433076
1.9199771881103516,-149.14306808483448,15.27861413222614
1.9209768772125244,-149.40876844050393,15.54431448789549
1.9219770431518555,-149.6743792207248,15.809925268116293
1.9229767322540283,-149.9400851079745,16.07563115536596
1.9239771366119385,-150.20582124721696,16.341367294608457
1.9249768257141113,-150.47142418871346,16.606970236104974
1.9259769916534424,-150.7371229008801,16.872668948271695
1.9269769191741943,-151.00285228587472,17.138398333266238
1.9279778003692627,-151.26844983613228,17.403995883523866
1.9289767742156982,-151.53414306442772,17.669689111819302
1.9299771785736084,-151.79990859853902,17.93545464593062
1.9319775104522705,-152.06549810388165,18.2010441512733
1.932978868484497,-152.33118405566069,18.46673010305231
1.9339864253997803,-152.59694256262313,18.732488610014826
1.9349842071533203,-152.86252661439107,18.998072661782782
1.935983657836914,-153.12820707137348,19.263753118765035
1.9369840621948242,-153.39398180226317,19.52952784965469
1.9379839897155762,-153.6595779295775,19.79512397696891
1.9389853477478027,-153.92525100149615,20.06079704888761
1.9399843215942383,-154.19101855633355,20.326564603725128
1.940983772277832,-154.45660905163348,20.59215509902502
1.9419841766357422,-154.72227661639064,20.857822663782137
1.9439918994903564,-154.98803833227544,21.123584379666905
1.9449841976165771,-155.25366319696963,21.389209244361048
1.9459834098815918,-155.51932325975739,21.654869307148765
1.9469842910766602,-155.78507776785324,21.92062381524462
1.947984218597412,-156.05069671084297,22.186242758234446
1.9489760398864746,-156.31635125190536,22.45189729929685
1.949995517730713,-156.5820999542303,22.717646001621826
1.9509878158569336,-156.84775350015917,22.983299547550654
1.95198392868042,-157.11340041277245,23.248946460163985
1.9529838562011719,-157.37914186902645,23.51468791641812
1.9539835453033447,-157.6447892141792,23.780335261570908
1.954984188079834,-157.91043058761468,24.045976635006433
1.9559836387634277,-158.17616626883137,24.31171231622305
1.9579768180847168,-158.44184848900954,24.577394536401176
1.9589850902557373,-158.70748209674088,24.843028144132454
1.9599859714508057,-158.9732104862036,25.108756533595265
1.9609837532043457,-159.2388862362751,25.37443228366677
1.9619767665863037,-159.50451428385608,25.64006033124775
1.962986946105957,-159.77023692601654,25.905782973408197
1.9639835357666016,-160.0359478628912,26.171493910282887
1.9649765491485596,-160.30156799553262,26.437114042924325
1.966275930404663,-160.56728329202997,26.702829339421665
1.9672870635986328,-160.832987498389,26.96853354578069
1.9682867527008057,-161.0986020458048,27.234148093196577
1.9692814350128174,-161.36431161924082,27.49985766663255
1.9702794551849365,-161.63005136523032,27.765597412622103
1.9712872505187988,-161.89034893847509,28.025894985866795
1.9722864627838135,-162.15603764584068,28.291583693232297
1.9732801914215088,-162.42179884908646,28.55734489647808
1.9742929935455322,-162.68738553845196,28.82293158584355
1.9752869606018066,-162.95306857632093,29.088614623712505
1.9762864112854004,-163.2188458325985,29.354391879990143
1.9772789478302002,-163.48444443046466,29.619990477856295
1.9782791137695312,-163.75011991976967,29.88566596716125
1.979288101196289,-164.01588984001083,30.151435887402357
1.9802870750427246,-164.2814826492395,30.417028696631093
1.9822807312011719,-164.54715247812442,30.68269852551602
1.9832797050476074,-164.81291640944798,30.948462456839682
1.9842793941497803,-165.07854344154924,31.214089488940942
1.9852793216705322,-165.3442056250312,31.479751672422946
1.9862792491912842,-165.60996220821698,31.74550825560876
1.988281488418579,-165.87558318122433,32.01112922861607
1.9892807006835938,-166.14123970853223,32.27678575592395
1.990279197692871,-166.40699035438868,32.54253640178042
1.991279125213623,-166.6726458017763,32.808191849168026
1.992279291152954,-166.93829457480564,33.073840622197366
1.993278980255127,-167.20403785146777,33.33958389885957
1.994279146194458,-167.46968697756137,33.60523302495312
1.9952788352966309,-167.73533009346514,33.87087614085685
1.9962787628173828,-168.00106747967843,34.13661352707011
1.9972786903381348,-168.26675136799966,34.402297415391295
1.9992806911468506,-168.53238660781324,34.66793265520475
2.000279188156128,-168.7981165942605,34.93366264165208
2.0012786388397217,-169.06379390675687,35.19933995414849
2.002279043197632,-169.32942348294802,35.464969530339594
2.003279447555542,-169.59514762084666,35.730693668238175
2.0042786598205566,-169.8608600211773,35.99640606856889
2.0052783489227295,-170.1264815855909,36.2620276329825
2.0062782764434814,-170.3921982830708,36.527744330462504
2.0072782039642334,-170.65790386015004,36.79344990754186
2.0082786083221436,-170.923519748565,37.059065795956876
2.0092790126800537,-171.18923063416372,37.324776681555484
2.0102789402008057,-171.45497166403828,37.59051771142999
2.0112788677215576,-171.72057939012248,37.85612543751418
2.0122785568237305,-171.98628278399025,38.12182883138193
2.0132782459259033,-172.25201674974346,38.387562797135104
2.0152788162231445,-172.51761878124796,38.65316482863962
2.016301393508911,-172.78331639443212,38.91886244182376
2.0172791481018066,-173.04908621907768,39.184632266469364
2.0182785987854004,-173.31467992177832,39.45022596917007
2.0192883014678955,-173.5803699806613,39.715916028053044
2.020279884338379,-173.84613250633842,39.981678553730205
2.0212905406951904,-174.11172048935222,40.24726653674392
2.0222861766815186,-174.37740479305486,40.512950840446564
2.023285150527954,-174.64318328794602,40.77872933533773
2.024279832839966,-174.90878309753074,41.04432914492245
2.025348663330078,-175.17445977247834,41.31000581987014
2.026289463043213,-175.4402308528666,41.57577690025835
2.0272786617279053,-175.70582479699598,41.841370844387754
2.0282795429229736,-175.971495736356,42.107041783747725
2.030280113220215,-176.23726075427453,42.37280680166622
2.0312936305999756,-176.50288884941295,42.63843489680459
2.0322792530059814,-176.76855207302103,42.904098120412726
2.0332863330841064,-177.03430967396557,43.16985572135738
2.0344161987304688,-177.2999316426255,43.43547769001715
2.035433292388916,-177.5655891441172,43.70113519150888
2.03642201423645,-177.83134074320782,43.966886790599546
2.0374209880828857,-178.09699712319448,44.232543170586204
2.038428544998169,-178.3626468086929,44.49819285608461
2.0394203662872314,-178.62839097820168,44.76393702559337
2.0404274463653564,-178.89404097778456,45.02958702517627
2.0418667793273926,-179.15968494830815,45.295230995699875
2.0428788661956787,-179.42542317076288,45.560969218154554
2.043877601623535,-179.69110787725012,45.826653924641825
2.044877529144287,-179.95674391754304,46.0922899649348
2.0458779335021973,-180.2224746872556,46.35802073464746
2.0468790531158447,-180.48815276606712,46.62369881345894
2.047877550125122,-180.7537830919884,46.88932913938018
2.0489606857299805,-181.01950796349468,47.15505401088637
2.0514447689056396,-181.2852210815998,47.42076712899146
2.05244517326355,-181.55084334824807,47.68638939563961
2.0534441471099854,-181.81656073286138,47.95210678025296
2.0544443130493164,-182.08226698223152,48.217813029623095
2.0554440021514893,-182.3478835283602,48.48342957575172
2.056443929672241,-182.61359505752918,48.749141104920696
2.0574450492858887,-182.87933671710485,49.01488276449636
2.058443784713745,-183.14494505923633,49.28049110662786
2.059443712234497,-183.41064905590414,49.54619510329561
2.060443878173828,-183.67638361146047,49.811929658851845
2.06144380569458,-183.9419862199553,50.077532267346676
2.063443899154663,-184.20768439772314,50.34323044511443
2.064443826675415,-184.47345477480363,50.60900082219491
2.0654447078704834,-184.73904901794234,50.87459506533352
2.068458318710327,-185.00473960564238,51.14028565303361
2.0694451332092285,-185.2705026487559,51.40604869614718
2.070444107055664,-185.53609113794403,51.671637185335186
2.0714433193206787,-185.8017759369378,51.93732198432888
2.0724434852600098,-186.06755491646948,52.20310096386053
2.073443651199341,-186.33315520017138,52.468701247562436
2.0744435787200928,-186.59883233903332,52.734378386424396
2.0754432678222656,-186.86460387336,53.000149920751014
2.0774431228637695,-187.13019826154948,53.265744308940555
2.078443765640259,-187.39586963541242,53.5314156828035
2.0794434547424316,-187.66163507849012,53.797181125881195
2.080444812774658,-187.92726358957012,54.06280963696119
2.0824503898620605,-188.1929272201553,54.328473267546435
2.083455801010132,-188.45868521932533,54.5942312667164
2.084472894668579,-188.7243075775608,54.85985362495178
2.0854549407958984,-188.9899654602281,55.12551150761898
2.086463451385498,-189.25571743229708,55.39126347968797
2.087463140487671,-189.52137417718805,55.65692022457896
2.0884618759155273,-189.78702421971434,55.92257026710529
2.0904617309570312,-190.0527687385732,56.18831478596413
2.091456413269043,-190.31841907993226,56.45396512732307
2.092466115951538,-190.5840633848488,56.71960943223959
2.093463897705078,-190.84980193450528,56.985347981896076
2.0944621562957764,-191.1154869611219,57.25103300851273
2.095466136932373,-191.38112331462386,57.516669362014774
2.0964548587799072,-191.64685439081006,57.78240043820095
2.097454071044922,-191.91253276946287,58.048078816853746
2.098454713821411,-192.1781633887361,58.313709436126985
2.1004559993743896,-192.44388854728595,58.57943459467678
2.101454973220825,-192.70960194623953,58.84514799363034
2.102454662322998,-192.9752244876558,59.11077053504665
2.10345458984375,-193.24094214112841,59.37648818851938
2.104454278945923,-193.50664865355034,59.64219470094133
2.105454206466675,-193.77226545702712,59.90781150441808
2.1064541339874268,-194.03797723801028,60.173523285401245
2.107454299926758,-194.30371914397347,60.43926519136436
2.108454465866089,-194.56932772715007,60.70487377454094
2.109454393386841,-194.83503195967955,60.97057800707042
2.1114542484283447,-195.10076674601214,61.23631279340293
2.112454414367676,-195.36636958026992,61.501915627660736
2.1134543418884277,-195.63206797894617,61.767614026337036
2.1144540309906006,-195.89783857218166,62.03338461957251
2.1154544353485107,-196.16343302678115,62.29897907417201
2.116602897644043,-196.42912382139514,62.564669868786
2.1176071166992188,-196.6948870669696,62.83043311436047
2.1186070442199707,-196.96047575421198,63.09602180160281
2.1196067333221436,-197.22616074700164,63.36170679439248
2.1206068992614746,-197.491939916162,63.62748596355281
2.1216070652008057,-197.7575403853749,63.89308643276582
2.1226067543029785,-198.02321770575585,64.15876375314673
2.1236066818237305,-198.28898941769805,64.424535465089
2.1246066093444824,-198.55458397963807,64.69013002702904
2.1266074180603027,-198.8202555235121,64.95580157090298
2.1276071071624756,-199.0860211329448,65.2215671803357
2.1286065578460693,-199.3516498067732,65.48719585416407
2.1296064853668213,-199.61731359659927,65.7528596439901
2.1306064128875732,-199.8830717515856,66.01861779897646
2.1316065788269043,-200.14869426225297,66.28424030964383
2.1326074600219727,-200.4143522940654,66.54989834145621
2.1346144676208496,-200.68010441207218,66.81565045946299
2.1356139183044434,-200.9457612997419,67.08130734713262
2.136613607406616,-201.211411481965,67.34695752935576
2.1376571655273438,-201.47715613751657,67.61270218490725
2.138606309890747,-201.74280661260454,67.87835265999533
2.1396055221557617,-202.00845104836134,68.1439970957521
2.1406149864196777,-202.27418972604437,68.40973577343517
2.1418302059173584,-202.5398748779204,68.67542092531106
2.1428415775299072,-202.80551135397394,68.94105740136465
2.14384126663208,-203.07124255007622,69.20678859746685
2.144841194152832,-203.3369210460501,69.47246709344067
2.1458420753479004,-203.6025517801053,69.73809782749585
2.146841526031494,-203.86827705096883,70.00382309835925
2.147841215133667,-204.13399055981196,70.26953660720238
2.149834394454956,-204.39961320873874,70.53515925612913
2.1508493423461914,-204.66533096740991,70.80087701480036
2.151841402053833,-204.93103758275802,71.06658363014847
2.1528408527374268,-205.1966544869292,71.33220053431964
2.1538422107696533,-205.4623663664415,71.59791241383192
2.154841661453247,-205.72810836881038,71.86365441620084
2.1558406352996826,-205.99371704630238,72.12926309369284
2.156858205795288,-206.25942137111915,72.3949674185096
2.157835006713867,-206.52515624774915,72.66070229513966
2.158834457397461,-206.79075917034288,72.92630521773337
2.159844160079956,-207.0564576554556,73.19200370284608
2.160842180252075,-207.32222833326747,73.45777438065807
2.161842107772827,-207.58782287060671,73.72336891799732
2.1628410816192627,-207.85351374618145,73.98905979357197
2.1638410091400146,-208.11927707097428,74.25482311836475
2.165841579437256,-208.38486583571077,74.52041188310119
2.166853666305542,-208.65055090432844,74.7860969517188
2.167844772338867,-208.91633014768612,75.05187619507647
2.1688406467437744,-209.1819306894853,75.31747673687572
2.16984224319458,-209.44760808089057,75.5831541282808
2.170840263366699,-209.71337986232982,75.84892590972005
2.171839952468872,-209.97897449225442,76.11452053964472
2.172847032546997,-210.24464610264974,76.38019215004009
2.173842430114746,-210.51041177717337,76.6459578245637
2.1748409271240234,-210.7760405146815,76.91158656207173
2.175840377807617,-211.0417043668148,77.17725041420502
2.1768417358398438,-211.30746258276844,77.44300863015876
2.1778414249420166,-211.57308515307895,77.70863120046923
2.178840398788452,-211.83874324324836,77.97428929063872
2.1798408031463623,-212.10449541835737,78.24004146574771
2.1818342208862305,-212.37015236189308,78.50569840928334
2.1828341484069824,-212.63580259877634,78.77134864616663
2.183847427368164,-212.90154730781262,79.03709335520286
2.184842586517334,-213.1671978352259,79.30274388261599
2.1858417987823486,-213.43284232217738,79.5683883695676
2.1868340969085693,-213.69858104995427,79.8341270973445
2.18784499168396,-213.96426625084132,80.09981229823147
2.1888418197631836,-214.22990277484652,80.36544882223659
2.189840316772461,-214.49563401786912,80.63118006525922
2.190840244293213,-214.76131255974792,80.89685860713801
2.191840887069702,-215.0269433387146,81.16248938610467
2.192840099334717,-215.2926686535237,81.4282147009138
2.1938328742980957,-215.55838220536413,81.69392825275423
2.194840669631958,-215.8240048963573,81.95955094374739
2.1958401203155518,-216.08972269619025,82.22526874358036
2.196840286254883,-216.35542935181098,82.49097539920109
2.1988344192504883,-216.62104629538155,82.75659234277161
2.1998343467712402,-216.88675821344603,83.02230426083604
2.2008423805236816,-217.15250025353623,83.28804630092628
2.2021870613098145,-217.41810896793163,83.5536550153217
2.2031993865966797,-217.6838133288583,83.81935937624831
2.204198122024536,-217.94954824081967,84.08509428820967
2.205197811126709,-218.2151511979772,84.35069724536719
2.2061991691589355,-218.48084971691054,84.61639576430046
2.207198143005371,-218.74662042781546,84.88216647520524
2.208198308944702,-219.01221499752887,85.1477610449187
2.209190607070923,-219.27790590478153,85.41345195217141
2.210200071334839,-219.54366926057062,85.6792153079605
2.2111990451812744,-219.8092580556288,85.94480410301861
2.21219801902771,-220.07494315391622,86.21048920130592
2.213197708129883,-220.34072242630563,86.47626847369523
2.214198112487793,-220.60632299650615,86.74186904389576
2.2161917686462402,-220.87200041570148,87.00754646309102
2.217597484588623,-221.13777222433328,87.27331827172279
2.2186098098754883,-221.40336688085878,87.53891292824818
2.2196035385131836,-221.66903851728253,87.80458456467179
2.220602035522461,-221.93480421727475,88.07035026466399
2.2216014862060547,-222.2004329796992,88.33597902708853
2.2226011753082275,-222.46609685621198,88.60164290360125
2.2236015796661377,-222.73185509602078,88.86740114341016
2.2246012687683105,-222.99747768966836,89.13302373705764
2.2256011962890625,-223.26313580267168,89.39868185006091
2.2266011238098145,-223.52888800012335,89.66443404751261
2.2276010513305664,-223.79454496551816,89.93009101290731
2.2286012172698975,-224.06019522378875,90.19574127117785
2.2296009063720703,-224.3259399537523,90.46148600114141
2.2306013107299805,-224.59159050163913,90.72713654902822
2.2326035499572754,-224.85723500862207,90.99278105601111
2.233757972717285,-225.12297375599957,91.25851980338857
2.234762668609619,-225.38865897606337,91.52420502345244
2.235762357711792,-225.6542955188308,91.78984156621989
2.236762046813965,-225.92002678021237,92.05557282760137
2.237762212753296,-226.18570534005286,92.32125138744178
2.238762140274048,-226.4513361365924,92.58688218398133
2.2397618293762207,-226.71706146859654,92.85260751598544
2.241762399673462,-226.98277503726086,93.11832108464968
2.242762565612793,-227.24839774471363,93.38394379210243
2.243762493133545,-227.51411556065221,93.64966160804111
2.2447619438171387,-227.7798222320308,93.9153682794196
2.2457618713378906,-228.04543919101746,94.18098523840625
2.2467620372772217,-228.31115112416649,94.44669717155526
2.247762680053711,-228.57689317901628,94.712439226405
2.2497622966766357,-228.8425019078512,94.9780479552399
2.2507805824279785,-229.10820628290685,95.24375233029552
2.2517640590667725,-229.37394120869254,95.50948725608117
2.252774477005005,-229.6395441793741,95.7750902267627
2.253770589828491,-229.90524271154072,96.0407887589292
2.2547695636749268,-230.17101343539397,96.30655948278248
2.2557637691497803,-230.43660801777472,96.57215406516319
2.2567734718322754,-230.70229893742228,96.83784498481077
2.2577710151672363,-230.96806230533943,97.10360835272803
2.2587687969207764,-231.2336511122617,97.36919715965034
2.259763479232788,-231.49933622215804,97.63488226954678
2.260774612426758,-231.76511550590692,97.90066155329554
2.2617735862731934,-232.0307160872203,98.16626213460887
2.2627620697021484,-232.29639351728915,98.43193956467782
2.2637710571289062,-232.56216533656072,98.69771138394944
2.2657628059387207,-232.82776000349446,98.96330605088315
2.266763210296631,-233.09343165010242,99.22897769749109
2.2677719593048096,-233.35919736005994,99.49474340744854
2.268770456314087,-233.62482613223372,99.76037217962222
2.269768714904785,-233.89049001828567,100.02603606567402
2.270761013031006,-234.15624826742845,100.29179431481684
2.2717630863189697,-234.4218708702071,100.55741691759556
2.272773027420044,-234.68752899214465,100.82307503953311
2.273771047592163,-234.9532811983386,101.08882724572703
2.274768829345703,-235.21893817228633,101.35448421967477
2.275768280029297,-235.48458843892527,101.62013448631363
2.2778732776641846,-235.75033317707727,101.88587922446558
2.2793123722076416,-236.01598373297492,102.15152978036325
2.280810594558716,-236.28162824779562,102.41717429518397
2.282071113586426,-236.54736700284244,102.68291305023068
2.283076286315918,-236.81305223040985,102.94859827779804
2.2840769290924072,-237.07868878051863,103.21423482790684
2.2860772609710693,-237.34442004908357,103.47996609647177
2.287075996398926,-237.61009861595196,103.74564466334017
2.2880754470825195,-237.87572941936742,104.01127546675554
2.2890753746032715,-238.14145475809948,104.27700080548759
2.2900755405426025,-238.40716833334648,104.54271438073461
2.2910754680633545,-238.6727910472395,104.80833709462757
2.2920758724212646,-238.93850886948002,105.07405491686802
2.2930757999420166,-239.20421554702418,105.33976159441217
2.2940754890441895,-239.46983251204273,105.60537855943076
2.295074939727783,-239.73554445109403,105.87109049848208
2.2960755825042725,-240.00128651171877,106.13683255910694
2.2970752716064453,-240.26689524620338,106.40244129359169
2.2990758419036865,-240.53259962678734,106.66814567417565
2.3000762462615967,-240.79833455798217,106.9338806053704
2.302076578140259,-241.06393753395537,107.19948358134359
2.3030755519866943,-241.3296360712997,107.46518211868798
2.304075002670288,-241.59540680021942,107.73095284760767
2.30507493019104,-241.86100138755648,107.99654743494484
2.306074857711792,-242.12669231205388,108.26223835944226
2.307074785232544,-242.3924556847165,108.528001732105
2.3080759048461914,-242.65804449628092,108.79359054366947
2.309075355529785,-242.9237296107196,109.05927565810825
2.310075044631958,-243.1895088989131,109.32505494630175
2.31107497215271,-243.4551094845747,109.59065553196334
2.312074899673462,-243.72078691889826,109.85633296628687
2.314074754714966,-243.98655874233293,110.12210478972158
2.3150746822357178,-244.2521534133392,110.38769946072779
2.3160743713378906,-244.51782506393204,110.65337111132057
2.3170955181121826,-244.78359077778873,110.91913682517716
2.3180835247039795,-245.04921955377702,111.1847656011655
2.319082021713257,-245.31488344356123,111.45042949094969
2.320082426071167,-245.5806416963562,111.71618774374474
2.321082830429077,-245.84626430270762,111.98181035009634
2.322084903717041,-246.111922428141,112.24746847552974
2.3240816593170166,-246.3776746377555,112.51322068514435
2.3250815868377686,-246.64333161504982,112.77887766243862
2.3260817527770996,-246.90898188496308,113.04452793235188
2.3270814418792725,-247.17472662631897,113.31027267370771
2.3280813694000244,-247.44037718535108,113.57592323273985
2.3290820121765137,-247.70602170323863,113.84156775062729
2.3300817012786865,-247.97176046128615,114.10730650867488
2.3310818672180176,-248.23744569178947,114.37299173917822
2.332270383834839,-248.50308224477072,114.6386282921595
2.3332788944244385,-248.76881351614628,114.9043595635351
2.334294080734253,-249.03449208576467,115.17003813315334
2.3352854251861572,-249.30012289187047,115.4356689392591
2.3362855911254883,-249.565848233235,115.70139428062372
2.3372771739959717,-249.8315618110577,115.96710785844645
2.3382773399353027,-250.09718452747066,116.2327305748594
2.340284824371338,-250.3629023521768,116.49844839956558
2.34128475189209,-250.62860903213343,116.76415507952221
2.342285394668579,-250.89422599951223,117.029772046901
2.343285322189331,-251.15993794087296,117.2954839882617
2.3442845344543457,-251.42568000375744,117.56122605114615
2.3452773094177246,-251.69128874045285,117.82683478784158
2.3462769985198975,-251.9569931231998,118.09253917058868
2.3472769260406494,-252.2227280565112,118.35827410389996
2.3482773303985596,-252.48833103455476,118.62387708194368
2.350290298461914,-252.75402957392515,118.88957562131405
2.3512845039367676,-253.01980030482727,119.15534635221621
2.352285146713257,-253.2853948941038,119.42094094149266
2.353278160095215,-253.55108582049886,119.68663186788777
2.354278087615967,-253.8168491950184,119.9523952424073
2.355292320251465,-254.08243800839924,120.21798405578816
2.356285572052002,-254.34812312461534,120.48366917200427
2.3572845458984375,-254.61390241454797,120.74944846193688
2.3582844734191895,-254.87950300191085,121.01504904929975
2.3592841625213623,-255.14518043789917,121.28072648528806
2.3602843284606934,-255.41095226296287,121.54649831035177
2.361276865005493,-255.67654693556258,121.81209298295148
2.3622848987579346,-255.94221858771445,122.07776463510345
2.3632850646972656,-256.2079843030968,122.3435303504857
2.365276336669922,-256.47361308057776,122.60915912796663
2.3662784099578857,-256.7392769718222,122.87482301921128
2.3672866821289062,-257.005035226046,123.14058127343532
2.3682851791381836,-257.2706578337954,123.40620388118488
2.3692965507507324,-257.53631596059654,123.67186200798605
2.370285749435425,-257.8020681715494,123.937614218939
2.371284246444702,-258.0677251501533,124.20327119754275
2.372276544570923,-258.3333754213478,124.46892146873718
2.3732845783233643,-258.5991201639571,124.7346662113467
2.374284267425537,-258.86477072421593,125.00031677160531
2.37528395652771,-259.13041524330345,125.26596129069274
2.37727689743042,-259.3961540025251,125.53170004991442
2.378283739089966,-259.66183923417736,125.79738528156656
2.3792848587036133,-259.9274757882826,126.06302183567172
2.380284309387207,-260.1932070607581,126.32875310814708
2.3812835216522217,-260.4588856314523,126.59443167884129
2.382277011871338,-260.7245164386107,126.86006248599972
2.3842804431915283,-260.99024178100524,127.12578782839434
2.3842804431915283,-261.2559553598358,127.39150140722482
2.3855631351470947,-261.5215780772347,127.65712412462373
2.3865745067596436,-261.7872959029056,127.92284195029468
2.3875739574432373,-262.0530025838061,128.1885486311952
2.38857364654541,-262.3186195521082,128.4541655994975
2.389573812484741,-262.5843314943726,128.71987754176175
2.390573740005493,-262.8500735581413,128.98561960553042
2.391573905944824,-263.1156822957017,129.25122834309073
2.393566131591797,-263.3813866792952,129.51693272668425
2.394573211669922,-263.6471216134344,129.7826676608238
2.3955740928649902,-263.9127245922882,130.04827063967767
2.3965747356414795,-264.1784231324512,130.31396917984068
2.397573709487915,-264.4441938641291,130.57973991151843
2.399022340774536,-264.70978845416425,130.8453345015538
2.4001054763793945,-264.97547938130174,131.1110254286914
2.4021096229553223,-265.2412427565477,131.37678880393742
2.403111219406128,-265.5068315706393,131.64237761802892
2.404109477996826,-265.7725166875508,131.90806273494044
2.4051096439361572,-266.03829597816383,132.17384202555357
2.406109571456909,-266.30389656619224,132.4394426135821
2.407109260559082,-266.5695740028319,132.7051200502217
2.408109664916992,-266.83534582853304,132.97089187592272
2.4091098308563232,-267.10094050175627,133.23648654914595
2.410109281539917,-267.3666121545183,133.50215820190797
2.411109209060669,-267.63237787049746,133.76792391788717
2.412109613418579,-267.89800664856244,134.0335526959521
2.413109302520752,-268.16367054037846,134.29921658776814
2.415109872817993,-268.4294287951618,134.5649748425513
2.416109323501587,-268.69505140345836,134.83059745084785
2.4171102046966553,-268.9607095307947,135.09625557818424
2.4181225299835205,-269.2264617422713,135.36200778966088
2.419116258621216,-269.4921187213875,135.62766476877698
2.4201173782348633,-269.7577689930832,135.89331504047274
2.4211158752441406,-270.023513736183,136.15905978357273
2.4221155643463135,-270.2891642969213,136.4247103443112
2.4231162071228027,-270.55480881647793,136.69035486386818
2.4241116046905518,-270.8205475761589,136.95609362354924
2.4261224269866943,-271.0862328082603,137.2217788556508
2.4271175861358643,-271.35186936280536,137.4874154101958
2.4281158447265625,-271.61760063571114,137.75314668310145
2.4291107654571533,-271.88327920682644,138.01882525421678
2.4301135540008545,-272.1489100143968,138.28445606178713
2.4311201572418213,-272.41463535719447,138.5501814045849
2.4322152137756348,-272.68034893641936,138.81589498380967
2.4342198371887207,-272.945971654204,139.0815177015944
2.435220956802368,-273.21168948025246,139.3472355276429
2.436220645904541,-273.4773961615222,139.6129422089128
2.437220573425293,-273.74301313018606,139.87855917757636
2.438220262527466,-274.00872507280377,140.14427112019422
2.4392201900482178,-274.27446713691836,140.41001318430878
2.4402201175689697,-274.54007587481715,140.6756219222076
2.4422202110290527,-274.8057802587417,140.94132630613234
2.4432199001312256,-275.0715151932053,141.20706124059575
2.4442195892333984,-275.3371181723763,141.47266421976644
2.4452195167541504,-275.6028167128494,141.73836276023977
2.4468746185302734,-275.8685874448308,142.004133492221
2.447878837585449,-276.1341820351629,142.26972808255317
2.448878765106201,-276.3998729625909,142.53541900998127
2.450240135192871,-276.6656363381213,142.80118238551148
2.4512581825256348,-276.9312251524909,143.06677119988123
2.453244686126709,-277.19691026967456,143.33245631706484
2.454244613647461,-277.4626895605538,143.59823560794416
2.455244779586792,-277.7282901488427,143.86383619623325
2.456244707107544,-277.9939675857371,144.12951363312777
2.4572441577911377,-278.2597394116876,144.3952854590781
2.4582440853118896,-278.52533408515484,144.6608801325452
2.4592440128326416,-278.79100573815566,144.92655178554585
2.4602441787719727,-279.0567714543686,145.19231750175854
2.4612443447113037,-279.3224002326621,145.45794628005186
2.4622457027435303,-279.5880641247019,145.72361017209144
2.4642441272735596,-279.8538223797038,145.9893684270934
2.4652442932128906,-280.1194449882142,146.25499103560404
2.46724534034729,-280.38510311576,146.52064916314993
2.4682438373565674,-280.6508553274415,146.7864013748314
2.469245195388794,-280.9165123067582,147.05205835414796
2.4702446460723877,-281.1821625786501,147.3177086260399
2.4712448120117188,-281.4479073219421,147.58345336933178
2.4732444286346436,-281.7135578828682,147.84910393025814
2.4742448329925537,-281.97920240260896,148.1147484499987
2.4752445220947266,-282.24494116246984,148.38048720985964
2.4762444496154785,-282.51062639474736,148.64617244213701
2.4772465229034424,-282.7762629494643,148.91180899685403
2.479245185852051,-283.0419942225384,149.17754026992816
2.4802441596984863,-283.30767279381837,149.4432188412081
2.4812443256378174,-283.5733036015498,149.7088496489396
2.4822452068328857,-283.8390289445051,149.97457499189503
2.4832441806793213,-284.10474252388417,150.2402885712741
2.48524808883667,-284.3703652418199,150.50591128920976
2.486250877380371,-284.636083068016,150.77162911540597
2.4872512817382812,-284.9017897494305,151.03733579682034
2.488738536834717,-285.16740671823555,151.30295276562532
2.489755392074585,-285.4331186609916,151.56866470838153
2.4907548427581787,-285.6988607252417,151.83440677263155
2.491746187210083,-285.96446946327285,152.10001551066281
2.492748260498047,-286.2301738473271,152.36571989471702
2.4937469959259033,-286.49590878191736,152.63145482930716
2.494746446609497,-286.7615117612123,152.89705780860197
2.4957468509674072,-287.02721030180686,153.1627563491966
2.49674654006958,-287.2929810339069,153.42852708129655
2.498762369155884,-287.5585756243554,153.69412167174485
2.5002527236938477,-287.8242665518972,153.9598125992866
2.501283884048462,-288.09002992753886,154.22557597492806
2.5022835731506348,-288.3556187420173,154.4911647894064
2.5042853355407715,-288.62130385930743,154.75684990669652
2.5052852630615234,-288.88708315029095,155.02262919768
2.506284236907959,-289.15268373868184,155.28822978607099
2.5082855224609375,-289.418361175676,155.55390722306527
2.5092837810516357,-289.684133001724,155.81967904911318
2.510283946990967,-289.9497276752867,156.0852737226758
2.5112838745117188,-290.21539932838084,156.35094537576995
2.5122838020324707,-290.48116504468504,156.6167110920742
2.5132837295532227,-290.7467938230679,156.8823398704571
2.514284610748291,-291.01245771519507,157.14800376258412
2.5152835845947266,-291.2782159702825,157.4137620176717
2.517301559448242,-291.5438385788767,157.679384626266
2.5182924270629883,-291.80949670650455,157.94504275389374
2.519282817840576,-292.0752489182662,158.21079496565554
2.5202856063842773,-292.34090589766123,158.47645194505057
2.521284341812134,-292.6065561696299,158.74210221701912
2.522292137145996,-292.87230091299693,159.00784696038622
2.523285388946533,-293.1379514739966,159.27349752138593
2.524296522140503,-293.40359599380906,159.53914204119843
2.526282548904419,-293.6693347537403,159.8048808011295
2.527290105819702,-293.93501998608656,160.0705660334758
2.528290271759033,-294.2006565408711,160.33620258826016
2.529283046722412,-294.46638781401106,160.60193386140014
2.530282497406006,-294.7320663853555,160.86761243274455
2.531290054321289,-294.99769719315,161.13324324053912
2.5332834720611572,-295.263422536167,161.39896858355613
2.5342905521392822,-295.52913611560655,161.66468216299572
2.535290241241455,-295.7947588336014,161.93030488099038
2.5362906455993652,-296.0604766598553,162.1960227072444
2.5373787879943848,-296.32618334132627,162.46172938871536
2.5382909774780273,-296.5918003101866,162.7273463575756
2.5392911434173584,-296.85751225299686,162.99305830038602
2.540290594100952,-297.12325431729994,163.25880036468885
2.541290283203125,-297.388863055383,163.5244091027719
2.542290210723877,-297.6545674394879,163.79011348687683
2.543290376663208,-297.92030237412763,164.0558484215166
2.5442895889282227,-298.18590535347096,164.3214514008599
2.546290397644043,-298.4516038941131,164.58714994150202
2.547290325164795,-298.7173746262594,164.85292067364847
2.5482823848724365,-298.98296921675325,165.11851526414222
2.5492827892303467,-299.24866014433934,165.38420619172854
2.550297975540161,-299.5144235200244,165.64996956741354
2.55129075050354,-299.78001233454546,165.91555838193463
2.552290201187134,-300.04569745187734,166.18124349926626
2.5542919635772705,-300.31147674290156,166.44702279029056
2.5552895069122314,-300.5770773313325,166.7126233787214
2.5562894344329834,-300.8427547683657,166.97830081575452
2.5572896003723145,-301.1085265944518,167.24407264184075
2.5582895278930664,-301.3741212680519,167.50966731544068
2.5592892169952393,-301.63979292118256,167.77533896857142
2.5602903366088867,-301.90555863752246,168.04110468491146
2.5612823963165283,-302.17118741594044,168.3067334633292
2.562290906906128,-302.4368513081018,168.57239735549058
2.5632901191711426,-302.7026095632228,168.83815561061166
2.5642893314361572,-302.96823217184993,169.1037782192387
2.5662841796875,-303.23389029950965,169.36943634689854
2.567291736602783,-303.4996425113027,169.6351885586917
2.5682902336120605,-303.76529949072847,169.90084553811738
2.5693888664245605,-304.0309497627271,170.16649581011592
2.570291757583618,-304.2966945061235,170.43224055351246
2.571289300918579,-304.5623450671521,170.6978911145409
2.5722901821136475,-304.82798958699277,170.96353563438143
2.573289155960083,-305.0937283469514,171.2292743943402
2.574289560317993,-305.35941357932455,171.4949596267135
2.575289011001587,-305.62505013413545,171.7605961815242
2.576289176940918,-305.8907814073011,172.02632745468983
2.577281951904297,-306.15645997867074,172.29200602605957
2.579289436340332,-306.4220907864899,172.55763683387883
2.580288887023926,-306.6878161295312,172.82336217691994
2.581289291381836,-306.95352970899444,173.08907575638304
2.582282781600952,-307.21915242701226,173.35469847440092
2.583293914794922,-307.48487025328876,173.62041630067753
2.5852818489074707,-307.75057693478175,173.8861229821706
2.586289882659912,-308.01619390366386,174.1517399510525
2.587289333343506,-308.2819058464954,174.41745189388402
2.588289260864258,-308.54764791081897,174.68319395820774
2.5892891883850098,-308.81325664892233,174.94880269631116
2.5902891159057617,-309.0789610330471,175.21450708043588
2.5912890434265137,-309.34469596770646,175.48024201509506
2.5922815799713135,-309.6102989470688,175.74584499445731
2.593322992324829,-309.87599748772936,176.01154353511814
2.5942904949188232,-310.141768219894,176.2773142672829
2.5952892303466797,-310.4073628104055,176.54290885779452
2.59628963470459,-310.67305373800934,176.8085997853982
2.5972886085510254,-310.9388171137114,177.07436316110022
2.5996813774108887,-311.2044059282491,177.33995197563783
2.6006853580474854,-311.4700910455971,177.60563709298603
2.601698398590088,-311.7358703366372,177.87141638402633
2.602693796157837,-312.0014709250836,178.1370169724728
2.6036927700042725,-312.2671483621321,178.40269440952125
2.604692220687866,-312.53292018823333,178.66846623562225
2.6056923866271973,-312.79851486184805,178.93406090923676
2.606692314147949,-313.0641865149929,179.19973256238174
2.6076927185058594,-313.32995223134685,179.46549827873585
2.608692169189453,-313.5955810097783,179.7311270571675
2.609684944152832,-313.86124490195294,179.99679094934217
2.6106925010681152,-314.12700315708713,180.26254920447627
2.611691951751709,-314.3926257657271,180.5281718131161
2.612691879272461,-314.6582838933996,180.79382994078838
2.6136927604675293,-314.92403610520495,181.0595821525937
2.6156859397888184,-315.18969308464267,181.3252391320314
2.61704421043396,-315.45534335665303,181.59088940404192
2.618049144744873,-315.7210881000609,181.85663414744994
2.619048833847046,-315.9867386611005,182.1222847084897
2.6200485229492188,-316.2523831809521,182.38792922834133
2.6210482120513916,-316.5181219409218,182.65366798831076
2.622048854827881,-316.78380717330555,182.91935322069446
2.6230485439300537,-317.0494437281267,183.18498977551542
2.6240484714508057,-317.3151750013025,183.45072104869112
2.625048875808716,-317.5808535726819,183.7163996200706
2.6270484924316406,-317.8464843805107,183.98203042789964
2.6280484199523926,-318.1122097235613,184.2477557709504
2.6290483474731445,-318.37792330303364,184.51346935042287
2.6300482749938965,-318.64354602106044,184.77909206844973
2.631049156188965,-318.9092638473457,185.04480989473512
2.6330482959747314,-319.1749705288476,185.31051657623684
2.634065866470337,-319.4405874977382,185.57613354512716
2.635056734085083,-319.7062994405781,185.84184548796694
2.6360559463500977,-319.9720415049099,186.1075875522986
2.637050151824951,-320.2376502430211,186.37319629040982
2.6380608081817627,-320.50335462715367,186.6389006745422
2.6390559673309326,-320.7690895618205,186.90463560920915
2.640047550201416,-321.0346925411903,187.17023858857908
2.6410574913024902,-321.3003910818582,187.43593712924715
2.6420481204986572,-321.5661618140299,187.701707861419
2.6430554389953613,-321.83175640454846,187.96730245193763
2.6440556049346924,-322.0974473321589,188.23299337954808
2.6450564861297607,-322.3632107078676,188.49875675525684
2.647056818008423,-322.62879952241184,188.764345569801
2.6480553150177,-322.8944846397664,189.03003068715537
2.650047779083252,-323.160263930813,189.29580997820173
2.6510472297668457,-323.42586451926564,189.56141056665427
2.6520493030548096,-323.69154195632024,189.82708800370875
2.653048515319824,-323.9573137824273,190.09285982981558
2.654047966003418,-324.2229084560477,190.3584545034358
2.65504789352417,-324.48858010919827,190.62412615658633
2.656047821044922,-324.75434582555766,190.88989187294575
2.657047748565674,-325.0199746039945,191.15552065138272
2.6590476036071777,-325.28563849617444,191.4211845435629
2.660047769546509,-325.5513967513136,191.6869427987023
2.661048412322998,-325.81701935995846,191.9525654073473
2.662048816680908,-326.08267748763564,192.21822353502466
2.663048267364502,-326.3484296994458,192.48397574683491
2.665048837661743,-326.6140866788881,192.74963272627738
2.666050910949707,-326.879736950903,193.01528299829232
2.667048931121826,-327.14548169431527,193.28102774170475
2.6690495014190674,-327.41113225535923,193.5466783027489
2.6700477600097656,-327.6767767752154,193.8123228226048
2.6710474491119385,-327.9425155351893,194.07806158257844
2.6720478534698486,-328.2082007675774,194.34374681496627
2.6730477809906006,-328.4738373224026,194.60938336979123
2.6740474700927734,-328.7395685955824,194.87511464297094
2.6750473976135254,-329.00524716696583,195.14079321435423
2.6760473251342773,-329.27087797479857,195.4064240221868
2.6770474910736084,-329.53660331785295,195.6721493652411
2.6780474185943604,-329.802316897329,195.93786294471704
2.680047035217285,-330.06793961535936,196.20348566274743
2.681047201156616,-330.33365744164826,196.46920348903615
2.6820478439331055,-330.5993641231534,196.73491017054116
2.6830477714538574,-330.8649810920473,197.0005271394348
2.6841280460357666,-331.1306930348903,197.2662390822779
2.685049295425415,-331.3964350992252,197.5319811466128
2.6861283779144287,-331.6620438373396,197.79758988472736
2.6871259212493896,-331.9277482214751,198.0632942688631
2.6880548000335693,-332.19348315614485,198.32902920353308
2.6890485286712646,-332.45908613551757,198.5946321829059
2.6900599002838135,-332.72478467618834,198.86033072357682
2.692054033279419,-332.99055540836275,199.12610145575144
2.6930572986602783,-333.25614999888404,199.39169604627278
2.6940555572509766,-333.5218409264972,199.657386973886
2.695054292678833,-333.7876043022085,199.92315034959742
2.696053981781006,-334.05319311675515,200.18873916414424
2.6970486640930176,-334.3188782341121,200.45442428150122
2.6980602741241455,-334.58465752516094,200.72020357255013
2.7000656127929688,-334.85025811361584,200.98580416100506
2.7010555267333984,-335.1159355506726,201.25148159806187
2.7020537853240967,-335.3817073767818,201.51725342417112
2.7030487060546875,-335.64730205040433,201.78284809779367
2.704059362411499,-335.9129737035571,202.0485197509464
2.7050585746765137,-336.1787394199186,202.31428546730797
2.7060554027557373,-336.44436819835755,202.57991424574695
2.707054853439331,-336.7100320905397,202.8455781379289
2.7080554962158203,-336.9757903456811,203.1113363930701
2.7090554237365723,-337.2414129543281,203.37695900171695
2.710047960281372,-337.5070710820074,203.64261712939611
2.71205472946167,-337.77282329381967,203.9083693412081
2.7130541801452637,-338.038480273264,204.17402632065225
2.7140543460845947,-338.30413054528094,204.439676592669
2.7150466442108154,-338.5698752886953,204.7054213360831
2.717047691345215,-338.8355258497413,204.9710718971289
2.7180469036102295,-339.101170369599,205.2367164169865
2.7190465927124023,-339.3669091295745,205.50245517696177
2.7200465202331543,-339.6325943619639,205.76814040935122
2.7210469245910645,-339.8982309167906,206.0337769641778
2.7220466136932373,-340.1639621899721,206.29950823735902
2.72304630279541,-340.4296407613571,206.56518680874382
2.724046468734741,-340.69527156919133,206.83081761657786
2.725046157836914,-340.96099691224725,207.09654295963358
2.7260468006134033,-341.2267104917248,207.36225653911094
2.7270469665527344,-341.4923332097567,207.62787925714272
2.7280466556549072,-341.758051036047,207.89359708343284
2.729046106338501,-342.02375771755356,208.1593037649392
2.730046272277832,-342.2893746864486,208.42492073383414
2.731045961380005,-342.555086629293,208.6906326766784
2.733045816421509,-342.82082869362915,208.9563747410144
2.734064817428589,-343.0864374317447,209.22198347912988
2.7350547313690186,-343.3521418158814,209.48768786326644
2.736053228378296,-343.61787675055234,209.7534227979373
2.737055778503418,-343.8834797299261,210.01902577731104
2.738046169281006,-344.14917827059793,210.2847243179829
2.73905348777771,-344.4149490027735,210.55049505015845
2.7400453090667725,-344.68054359329574,210.81608964068076
2.7410526275634766,-344.94623452090985,211.08178056829493
2.7420530319213867,-345.21199789662217,211.3475439440073
2.7430527210235596,-345.4775867111698,211.61313275855503
2.744053602218628,-345.7432718285276,211.878817875913
2.7460498809814453,-346.0090511195774,212.1445971669629
2.7470526695251465,-346.2746517080332,212.41019775541886
2.7480521202087402,-346.5403291450908,212.67587519247675
2.7493324279785156,-346.8061009712009,212.94164701858705
2.750351667404175,-347.07169564482433,213.2072416922106
2.751345157623291,-347.3373672979779,213.47291334536442
2.75234317779541,-347.60313301434036,213.73867906172703
2.754344940185547,-347.8687617927801,214.00430784016706
2.755343198776245,-348.1344256849629,214.2699717323501
2.7563436031341553,-348.4001839401048,214.53572998749232
2.757343053817749,-348.66580654875236,214.8013525961401
2.758342981338501,-348.9314646764322,215.06701072382023
2.759342908859253,-349.197216888245,215.33276293563318
2.760342597961426,-349.4628738676899,215.59841991507827
2.761335611343384,-349.72852413970736,215.86407018709588
2.762343168258667,-349.9942688831221,216.12981493051092
2.763343095779419,-350.25991944416853,216.39546549155756
2.76434326171875,-350.52556396402673,216.661110011416
2.765336036682129,-350.7913027240028,216.92684877139214
2.767345666885376,-351.05698795639296,217.19253400378236
2.7683451175689697,-351.3226245112202,217.45817055860968
2.7693352699279785,-351.5883557844021,217.7239018317917
2.7703347206115723,-351.8540343557875,217.98958040317726
2.77134370803833,-352.1196651636222,218.25521121101204
2.7723424434661865,-352.3853905066785,218.52093655406847
2.7733423709869385,-352.6511040861565,218.78665013354652
2.7743427753448486,-352.91672680418884,219.05227285157895
2.7753424644470215,-353.1824446304795,219.3179906778698
2.7763428688049316,-353.4481513119864,219.58369735937688
2.7773351669311523,-353.7137682808818,219.84931432827247
2.7783432006835938,-353.97948022372657,220.11502627111736
2.7793424129486084,-354.2452222880632,220.380768335454
2.7803425788879395,-354.51083102617923,220.6463770735701
2.7813422679901123,-354.7765354103163,220.91208145770736
2.7823383808135986,-355.04227034498757,221.17781639237887
2.783839464187622,-355.3078733243617,221.44341937175318
2.785849094390869,-355.57357186503395,221.7091179124256
2.7868638038635254,-355.83934259721,221.97488864460172
2.7878565788269043,-356.1049371877328,222.24048323512454
2.788856029510498,-356.37062811534736,222.5061741627392
2.78985595703125,-356.63639149106,222.77193753845205
2.7908506393432617,-356.901980305608,223.0375263530003
2.791849374771118,-357.1676654229662,223.30321147035866
2.792849063873291,-357.4334447140164,223.56899076140897
2.793848752975464,-357.69904530247254,223.83459134986526
2.7948484420776367,-357.9647227395306,224.1002687869234
2.7968482971191406,-358.2304945656409,224.36604061303396
2.797849178314209,-358.4960892392646,224.63163528665783
2.79884934425354,-358.7617608924185,224.89730693981187
2.799849271774292,-359.0275266087813,225.1630726561747
2.8018579483032227,-359.29315538722136,225.42870143461494
2.8028554916381836,-359.55881927940453,225.69436532679813
2.8038556575775146,-359.8245775345468,225.96012358194056
2.804856061935425,-360.09020014319464,226.22574619058858
2.8058552742004395,-360.35585827087476,226.4914043182689
2.8068554401397705,-360.6216104826878,226.75715653008203
2.8078551292419434,-360.88726746213297,227.02281350952734
2.8088557720184326,-361.1529177341507,227.28846378154512
2.809856653213501,-361.41866247756576,227.55420852496033
2.8108553886413574,-361.6843130386124,227.81985908600714
2.811854839324951,-361.9499575584708,228.08550360586577
2.812854528427124,-362.215696318447,228.35124236584204
2.813854932785034,-362.4813815508373,228.61692759823245
2.8148608207702637,-362.7470181056647,228.88256415305992
2.81691575050354,-363.0127493788467,229.1482954262421
2.8179306983947754,-363.2784279502323,229.4139739976278
2.818927049636841,-363.5440587580671,229.6796048054628
2.819927215576172,-363.8097841011235,229.94533014851936
2.820927381515503,-364.07549768060164,230.21104372799758
2.8219268321990967,-364.34112039863413,230.47666644603012
2.8229262828826904,-364.6068382249249,230.7423842723211
2.8239262104034424,-364.872544906432,231.0080909538283
2.8249263763427734,-365.1381618753275,231.27370792272401
2.8259193897247314,-365.40387381817237,231.53941986556904
2.826927661895752,-365.6696158825091,231.80516192990586
2.827927350997925,-365.93522462062526,232.07077066802208
2.8289260864257812,-366.2009290047625,232.33647505215944
2.8299264907836914,-366.46666393943394,232.60220998683104
2.83107590675354,-366.7322669188082,232.86781296620546
2.833085775375366,-366.9979654594805,233.13351150687797
2.834085464477539,-367.2637361916566,233.3992822390542
2.8350844383239746,-367.52933078217944,233.66487682957714
2.8360843658447266,-367.79502170979407,233.93056775719188
2.8370847702026367,-368.06078508550684,234.19633113290485
2.8380846977233887,-368.3263739000549,234.46191994745314
2.8390843868255615,-368.59205901741313,234.72760506481157
2.8400838375091553,-368.8578383084634,234.99338435586193
2.8410844802856445,-369.1234388969196,235.2589849443183
2.842085599899292,-369.3891163339777,235.52466238137652
2.8430843353271484,-369.65488816008815,235.79043420748715
2.8450841903686523,-369.92048283371184,236.05602888111113
2.846085786819458,-370.18615448686575,236.32170053426526
2.8470845222473145,-370.4519202032285,236.58746625062815
2.8490869998931885,-370.7175489816686,236.85309502906844
2.8500852584838867,-370.98321287385176,237.1187589212517
2.851100444793701,-371.248971128994,237.3845171763942
2.8520920276641846,-371.51459373764186,237.6501397850423
2.853090763092041,-371.780251865322,237.9157979127227
2.8540916442871094,-372.046004077135,238.18155012453587
2.856091260910034,-372.3116610565802,238.44720710398124
2.857083559036255,-372.57731132859794,238.71285737599908
2.8580853939056396,-372.843056072013,238.97860211941435
2.859096050262451,-373.1087066330596,239.24425268046127
2.8600916862487793,-373.37435115291805,239.50989720031995
2.861093759536743,-373.6400899128942,239.77563596029628
2.862096071243286,-373.9057751452845,240.04132119268675
2.8630924224853516,-374.17141170011195,240.30695774751428
2.864091634750366,-374.43714297329393,240.57268902069652
2.865541696548462,-374.7028215446795,240.83836759208234
2.8665480613708496,-374.9684523525143,241.10399839991737
2.8675568103790283,-375.23417769557074,241.369723742974
2.8685476779937744,-375.49989127504887,241.63543732245228
2.8695592880249023,-375.76551399308136,241.90106004048488
2.870554208755493,-376.0312318193722,242.1667778667759
2.8715529441833496,-376.2969385008793,242.43248454828318
2.8725547790527344,-376.5625554697749,242.698101517179
2.8738062381744385,-376.8282674126198,242.96381346002408
2.8748230934143066,-377.0940094769566,243.22955552436096
2.876812219619751,-377.3596182150728,243.49516426247723
2.8778116703033447,-377.6253225992101,243.76086864661465
2.878819227218628,-377.8910575338817,244.02660358128634
2.8798184394836426,-378.1566605132561,244.29220656066084
2.8808178901672363,-378.4223590539285,244.5579051013334
2.8818118572235107,-378.68812978610475,244.82367583350967
2.8838298320770264,-378.9537243766277,245.08927042403263
2.884826898574829,-379.21941530424243,245.3549613516474
2.885819435119629,-379.48517867995537,245.6207247273604
2.8868181705474854,-379.7507674945036,245.88631354190875
2.887817859649658,-380.01645261186195,246.1519986592672
2.888817071914673,-380.2822319029123,246.4177779503176
2.8898186683654785,-380.54783249136864,246.683378538774
2.8908121585845947,-380.81350992842687,246.94905597583224
2.891822576522827,-381.0792817545375,247.2148278019429
2.892946243286133,-381.3448764281613,247.48042247556688
2.893963575363159,-381.61054808131536,247.746094128721
2.894962787628174,-381.8763137976782,248.0118598450839
2.895962953567505,-382.1419425761184,248.2774886235242
2.8969619274139404,-382.4076064683017,248.54315251570745
2.8979625701904297,-382.67336472344414,248.80891077084996
2.899955987930298,-382.9389873320921,249.07453337949806
2.90095591545105,-383.2046454597724,249.34019150717845
2.9019558429718018,-383.47039767158554,249.60594371899163
2.9029550552368164,-383.7360546510308,249.871600698437
2.9039554595947266,-384.0017049230487,250.13725097045483
2.9049553871154785,-384.2674496664639,250.4029957138701
2.9059553146362305,-384.53310022751066,250.66864627491702
2.9069550037384033,-384.79874474736926,250.9342907947757
2.9079554080963135,-385.0644835073455,251.20002955475204
2.9099550247192383,-385.33016873973594,251.4657147871425
2.9109549522399902,-385.5958052945635,251.73135134197003
2.911954641342163,-385.86153656774565,251.99708261515227
2.912954568862915,-386.12721513913135,252.26276118653809
2.9139552116394043,-386.3928459469663,252.52839199437312
2.914954900741577,-386.65857129002285,252.79411733742975
2.915955066680908,-386.9242848695011,253.05983091690803
2.916954755783081,-387.1899075875337,253.32545363494063
2.917954683303833,-387.45562541382463,253.59117146123165
2.918954849243164,-387.72133209533183,253.85687814273894
2.919954776763916,-387.98694906422753,254.12249511163475
2.920954704284668,-388.2526610070725,254.38820705447984
2.92295503616333,-388.51840307140935,254.6539491188167
2.923954963684082,-388.7840118095256,254.91955785693298
2.924954652786255,-389.04971619366296,255.1852622410704
2.925954818725586,-389.3154511283346,255.4509971757421
2.926954746246338,-389.581054107709,255.7166001551166
2.9279544353485107,-389.8467526483814,255.98229869578915
2.928954839706421,-390.11252338055766,256.24806942796533
2.9299542903900146,-390.3781179710806,256.51366401848827
2.9309542179107666,-390.64380889869534,256.779354946103
2.9319546222686768,-390.9095722744083,257.04511832181595
2.932954788208008,-391.1751610889565,257.31070713636416
2.934037208557129,-391.44084620631486,257.57639225372253
2.9349558353424072,-391.7066254973652,257.8421715447729
2.9359543323516846,-391.97222608582155,258.1077721332292
2.9369542598724365,-392.2379035228798,258.37344957028745
2.9389548301696777,-392.5036753489904,258.63922139639806
2.9399547576904297,-392.7692700226142,258.90481607002187
2.9409546852111816,-393.03494167576827,259.17048772317594
2.9419543743133545,-393.30070739213113,259.4362534395388
2.943004846572876,-393.56633617057133,259.701882217979
2.943955898284912,-393.8320000627546,259.9675461101623
2.9459543228149414,-394.09775831789705,260.2333043653047
2.9470319747924805,-394.363380926545,260.4989269739527
2.948031425476074,-394.6290390542253,260.764585101633
2.9492177963256836,-394.89479126603845,261.0303373134461
2.9502220153808594,-395.16044824548374,261.2959942928914
2.9512219429016113,-395.4260985175016,261.5616445649093
2.9522221088409424,-395.6918432609168,261.8273893083245
2.954381227493286,-395.95749382196357,262.09303986937124
2.9554004669189453,-396.22313834182216,262.35868438922984
2.9563937187194824,-396.48887710179844,262.6244231492061
2.957393169403076,-396.75456233418885,262.8901083815965
2.958392381668091,-397.02019888901646,263.15574493642407
2.959392547607422,-397.28593016219867,263.4214762096062
2.960393190383911,-397.55160873358443,263.68715478099193
2.961392402648926,-397.81723954141944,263.9527855888269
2.962392807006836,-398.0829648844761,264.21851093188343
2.963392496109009,-398.3486784639544,264.4842245113617
2.9653873443603516,-398.61430118198706,264.7498472293943
2.966386318206787,-398.88001900827805,265.0155650556852
2.9673855304718018,-399.1457256897853,265.2812717371924
2.968385934829712,-399.41134265868106,265.5468887060881
2.969385862350464,-399.67705460152615,265.8126006489331
2.970385789871216,-399.94279666586306,266.07834271326993
2.9713854789733887,-400.2084054039794,266.3439514513862
2.9723851680755615,-400.4741097881168,266.60965583552354
2.9733853340148926,-400.73984472278846,266.87539077019517
2.9743854999542236,-401.00544770216294,267.1409937495696
2.9753854274749756,-401.27114624283547,267.406692290242
2.9763853549957275,-401.53691697501176,267.67246302241824
2.9773852825164795,-401.80251156553476,267.9380576129412
2.9783852100372314,-402.06820249314956,268.2037485405559
2.9793848991394043,-402.33396586886255,268.46951191626886
2.9803855419158936,-402.5995546834108,268.73510073081707
2.9823849201202393,-402.8652398007693,269.00078584817544
2.983396053314209,-403.1310190918197,269.2665651392258
2.9843928813934326,-403.3966196802761,269.5321657276821
2.9855382442474365,-403.6622971173344,269.79784316474036
2.9870376586914062,-403.92806894344506,270.06361499085097
2.9880542755126953,-404.1936636170689,270.3292096644748
2.9890544414520264,-404.4593352702231,270.59488131762885
2.990053415298462,-404.725100986586,270.8606470339917
2.991053342819214,-404.9907297650263,271.1262758124319
2.992053747177124,-405.2563936572096,271.3919397046152
2.993053436279297,-405.5221519123521,271.6576979597576
2.994053363800049,-405.78777452100013,271.9233205684056
2.995053291320801,-406.05343264868054,272.1889786960859
2.9960529804229736,-406.31918486049375,272.45473090789903
2.9970526695251465,-406.5848418399391,272.7203878873443
2.9980533123016357,-406.850492111957,272.9860381593622
2.9990477561950684,-407.1162368553723,273.2517829027774
3.0010464191436768,-407.3818874164191,273.51743346382415
3.0020461082458496,-407.6475319362778,273.78307798368274
3.0030460357666016,-407.91327069625413,274.048816743659
3.0040459632873535,-408.1789559286446,274.3145019760494
3.0050456523895264,-408.4445924834722,274.580138530877
3.0060458183288574,-408.7103237566544,274.84586980405913
3.0070459842681885,-408.9760023280402,275.11154837544484
3.0080454349517822,-409.2416331358752,275.3771791832798
3.009045124053955,-409.50735847893185,275.64290452633634
3.0100455284118652,-409.77307205841015,275.9086181058146
3.011045455932617,-410.0386947764428,276.1742408238472
3.0120456218719482,-410.3044126027338,276.4399586501381
3.0130457878112793,-410.57011928424106,276.7056653316453
3.014045476913452,-410.8357362531368,276.971282300541
3.015045642852783,-411.1014481959819,277.236994243386
3.0160458087921143,-411.3671902603188,277.50273630772284
3.0170459747314453,-411.63279899843513,277.7683450458391
3.018045663833618,-411.8985033825725,278.03404942997645
3.020045518875122,-412.1642383172442,278.2997843646481
3.021045207977295,-412.4298412966187,278.5653873440225
3.022045373916626,-412.6955398372912,278.8310858846949
3.023045301437378,-412.9613105694675,279.09685661687115
3.024045467376709,-413.2269051599905,279.3624512073941
3.025045394897461,-413.4925960876053,279.6281421350089
3.026045083999634,-413.7583594633183,279.8939055107219
3.027045249938965,-414.02394827786657,280.15949432527015
3.028045177459717,-414.28963339522505,280.42517944262863
3.029045343399048,-414.5554126862755,280.69095873367905
3.0300452709198,-414.82101327473185,280.95655932213543
3.031046152114868,-415.08669071179014,281.2222367591937
3.032045364379883,-415.3524625379008,281.4880085853044
3.033045530319214,-415.6180572115247,281.75360325892825
3.034045696258545,-415.88372886467886,282.01927491208244
3.0350451469421387,-416.1494945810418,282.28504062844536
3.0360453128814697,-416.41512335948204,282.5506694068856
3.0370450019836426,-416.6807872516654,282.81633329906896
3.0380451679229736,-416.94654550680787,283.08209155421144
3.0390448570251465,-417.2121681154559,283.34771416285946
3.0410561561584473,-417.4778262431363,283.61337229053987
3.0420446395874023,-417.7435784549495,283.8791245023531
3.0430548191070557,-418.00923543439484,284.1447814817984
3.044053554534912,-418.27488570641276,284.41043175381634
3.0450522899627686,-418.54063044982803,284.6761764972316
3.0460526943206787,-418.80628101087484,284.9418270582784
3.0470523834228516,-419.07192553073355,285.20747157813713
3.0480527877807617,-419.3376642907099,285.47321033811346
3.050060272216797,-419.60334952310035,285.7388955705039
3.0510685443878174,-419.86898607792796,286.00453212533154
3.052067995071411,-420.13471735111017,286.27026339851375
3.0530667304992676,-420.40039592249593,286.5359419698995
3.0540666580200195,-420.66602673033094,286.8015727777345
3.0550668239593506,-420.9317520733876,287.0672981207912
3.0560615062713623,-421.1974656528659,287.3330117002695
3.0570690631866455,-421.46308837089856,287.59863441830214
3.058072566986084,-421.72880619718956,287.86435224459314
3.0590667724609375,-421.9945128786968,288.1300589261004
3.0600666999816895,-422.26012984759257,288.39567589499615
3.061060905456543,-422.52584179043765,288.66138783784123
3.062206983566284,-422.79158385477456,288.92712990217814
3.0632126331329346,-423.0571925928909,289.19273864029446
3.0642240047454834,-423.3228969770283,289.45844302443186
3.0664727687835693,-423.58863191169996,289.72417795910354
3.0674872398376465,-423.85423489107444,289.989780938478
3.068472146987915,-424.119933431747,290.25547947915055
3.06947922706604,-424.38570416392326,290.52125021132684
3.0704803466796875,-424.65129875444626,290.78684480184984
3.0714802742004395,-424.91698968206106,291.05253572946464
3.07248592376709,-425.18275305777405,291.31829910517763
3.073840856552124,-425.4483418723223,291.5838879197259
3.074857234954834,-425.7140269896808,291.8495730370844
3.0758509635925293,-425.9798062807312,292.1153523281348
3.0768611431121826,-426.2454068691876,292.3809529165912
3.077850818634033,-426.5110843062459,292.64663035364947
3.078857183456421,-426.77685613235656,292.91240217976014
3.079857110977173,-427.0424508059804,293.177996853384
3.0808568000793457,-427.3081224591346,293.4436685065382
3.0828492641448975,-427.57388817549753,293.7094342229011
3.083850622177124,-427.8395169539378,293.97506300134137
3.0848495960235596,-428.10518084612113,294.2407268935247
3.0858500003814697,-428.3709391012636,294.5064851486672
3.0868494510650635,-428.63656170991163,294.7721077573152
3.0878491401672363,-428.90221983759204,295.0377658849956
3.0888493061065674,-429.16797204940525,295.30351809680883
3.0898489952087402,-429.4336290288506,295.56917507625417
3.091848850250244,-429.6992793008685,295.8348253482721
3.092848539352417,-429.9650240442838,296.10057009168736
3.0938491821289062,-430.2306746053306,296.36622065273417
3.094849109649658,-430.4963191251893,296.6318651725929
3.0958492755889893,-430.76205788516563,296.8976039325692
3.096848964691162,-431.0277431175561,297.1632891649597
3.097848653793335,-431.2933796723837,297.4289257197873
3.0998494625091553,-431.5591109455659,297.6946569929695
3.100862741470337,-431.8247895169517,297.96033556435526
3.1018567085266113,-432.0904203247867,298.22596637219027
3.102856159210205,-432.35614566784335,298.49169171524693
3.103855609893799,-432.62185924732165,298.75740529472523
3.10485577583313,-432.8874819653543,299.0230280127579
3.105861186981201,-433.1531997916453,299.2887458390489
3.1068568229675293,-433.41890647315256,299.55445252055614
3.107855796813965,-433.6845234420483,299.8200694894519
3.1093575954437256,-433.9502353848934,300.085781432297
3.110369920730591,-434.2159774492303,300.3515234966339
3.1113622188568115,-434.48158618734664,300.6171322347502
3.112361192703247,-434.74729057148403,300.8828366188876
3.1133615970611572,-435.0130255061557,301.1485715535593
3.115361213684082,-435.2786284855302,301.41417453293377
3.1173627376556396,-435.5443270262027,301.6798730736063
3.118370532989502,-435.810097758379,301.9456438057826
3.1193628311157227,-436.075692348902,302.2112383963056
3.120361089706421,-436.3413832765168,302.4769293239204
3.121361494064331,-436.6071466522298,302.7426926996334
3.122361660003662,-436.87273546677807,303.00828151418165
3.123361825942993,-437.13842058413655,303.27396663154013
3.124361991882324,-437.404199875187,303.53974592259055
3.125361442565918,-437.66980046364336,303.80534651104693
3.126361131668091,-437.93547790070164,304.0710239481052
3.1273610591888428,-438.2012497268123,304.3367957742159
3.1283609867095947,-438.4668444004362,304.60239044783975
3.1293609142303467,-438.73251605359036,304.86806210099394
3.131361246109009,-438.9982817699533,305.13382781735686
3.13236141204834,-439.26391054839354,305.3994565957971
3.1343789100646973,-439.5295744405769,305.66512048798046
3.1353700160980225,-439.79533269571937,305.93087874312295
3.1363680362701416,-440.0609553043674,306.19650135177096
3.1373627185821533,-440.3266134320478,306.4621594794514
3.1383724212646484,-440.592365643861,306.7279116912646
3.1393632888793945,-440.85802262330634,306.9935686707099
3.1403605937957764,-441.12367289532426,307.25921894272784
3.141368865966797,-441.38941763873953,307.5249636861431
3.1423680782318115,-441.65506819978634,307.7906142471899
3.1433677673339844,-441.92071271964505,308.05625876704863
3.1443676948547363,-442.1864514796214,308.32199752702496
3.1453609466552734,-442.45213671201185,308.58768275941543
3.1463680267333984,-442.71777326683946,308.85331931424304
3.1473684310913086,-442.98350454002167,309.11905058742525
3.149787664413452,-443.24918311140743,309.384729158811
3.150801658630371,-443.51481391924244,309.650359966646
3.151796579360962,-443.7805392622991,309.9160853097027
3.152794361114502,-444.0462528417774,310.181798889181
3.153794288635254,-444.31187555981006,310.44742160721364
3.1549108028411865,-444.57759338610106,310.71313943350464
3.155925750732422,-444.8433000676083,310.9788461150119
3.156925916671753,-445.10891703650407,311.24446308390765
3.157925605773926,-445.37462897934915,311.51017502675273
3.1589252948760986,-445.64037104368606,311.77591709108964
3.1599252223968506,-445.9059797818024,312.04152582920597
3.16092586517334,-446.1716841659398,312.30723021334336
3.1619255542755127,-446.43741910061146,312.57296514801504
3.1629252433776855,-446.70302207998594,312.8385681273895
3.1649177074432373,-446.9687206206585,313.10426666806205
3.1659176349639893,-447.23449135283477,313.37003740023835
3.1669344902038574,-447.50008594335776,313.63563199076134
3.16792631149292,-447.76577687097256,313.90132291837614
3.1689257621765137,-448.03154024668555,314.16708629408913
3.16994309425354,-448.2971290612338,314.4326751086374
3.170952320098877,-448.5628141785923,314.6983602259959
3.1719517707824707,-448.8285934696427,314.9641395170463
3.1729516983032227,-449.0941940580991,315.2297401055027
3.173952341079712,-449.3598714951574,315.495417542561
3.1749584674835205,-449.62564332126806,315.76118936867164
3.1759588718414307,-449.8912379948919,316.0267840422955
3.17695951461792,-450.1569096480461,316.2924556954497
3.17895770072937,-450.42267536440903,316.5582214118126
3.1799585819244385,-450.6883041428493,316.82385019025287
3.1809587478637695,-450.95396803503263,317.0895140824362
3.181952476501465,-451.2197262901751,317.3552723375787
3.1829521656036377,-451.48534889882313,317.6208949462267
3.1839511394500732,-451.75100702650354,317.8865530739071
3.184959888458252,-452.01675923831675,318.15230528572033
3.186129570007324,-452.2824162177621,318.41796226516567
3.187145709991455,-452.54806648978,318.6836125371836
3.188145160675049,-452.8138112331953,318.94935728059886
3.189145088195801,-453.0794617942421,319.2150078416457
3.1901447772979736,-453.3451063141008,319.4806523615044
3.191145181655884,-453.61084507407713,319.7463911214807
3.192145347595215,-453.8765303064676,320.0120763538712
3.1941447257995605,-454.1421668612952,320.2777129086988
3.1951446533203125,-454.4078981344774,320.543444181881
3.1961445808410645,-454.6735767058632,320.80912275326676
3.1971445083618164,-454.9392075136982,321.0747535611018
3.1981444358825684,-455.20493285675485,321.34047890415843
3.1991372108459473,-455.47064643623315,321.60619248363673
3.200138568878174,-455.7362691542658,321.8718152016694
3.2011451721191406,-456.0019869805568,322.1375330279604
3.2021448612213135,-456.26769366206406,322.40323970946764
3.2031447887420654,-456.5333106309598,322.6688566783634
3.2041444778442383,-456.7990225738049,322.9345686212085
3.2061448097229004,-457.0647646381418,323.2003106855454
3.2071444988250732,-457.33037337625814,323.4659194236617
3.2081449031829834,-457.59607776039553,323.7316238077991
3.2091445922851562,-457.8618126950672,323.9973587424708
3.21014404296875,-458.1274156744417,324.2629617218453
3.2111449241638184,-458.3931142151142,324.5286602625178
3.212144374847412,-458.6588849472905,324.7944309946941
3.213144063949585,-458.9244795378135,325.0600255852171
3.214143991470337,-459.1901704654283,325.3257165128319
3.215136766433716,-459.4559338411413,325.5914798885449
3.2161951065063477,-459.72152265568957,325.85706870309315
3.217207193374634,-459.98720777304806,326.12275382045163
3.2182064056396484,-460.2529870640985,326.38853311150206
3.219205856323242,-460.51858765255486,326.65413369995844
3.220205783843994,-460.78426508961314,326.9198111370167
3.2222061157226562,-461.0500369157238,327.1855829631274
3.2232065200805664,-461.3156315893477,327.45117763675125
3.2242071628570557,-461.58130324250186,327.71684928990544
3.225205659866333,-461.8470689588648,327.98261500626836
3.226205587387085,-462.11269773730504,328.2482437847086
3.227205514907837,-462.3783616294884,328.51390767689196
3.2282052040100098,-462.64411988463087,328.77966593203445
3.229206085205078,-462.9097424932789,329.04528854068246
3.230205774307251,-463.1754006209593,329.3109466683629
3.2312071323394775,-463.4411528327725,329.5766988801761
3.2322006225585938,-463.70680981221784,329.8423558596214
3.2332122325897217,-463.97246008423576,330.10800613163934
3.235198736190796,-464.23820482765103,330.3737508750546
3.236198663711548,-464.50385538869784,330.6394014361014
3.2371985912323,-464.76949990855655,330.90504595596013
3.2381982803344727,-465.0352386685329,331.17078471593646
3.239198684692383,-465.30092390092335,331.43646994832693
3.2401981353759766,-465.56656045575096,331.70210650315454
3.2411985397338867,-465.83229172893317,331.96783777633675
3.2421984672546387,-466.09797030031893,332.2335163477225
3.2431981563568115,-466.36360110815394,332.4991471555575
3.2441980838775635,-466.6293264512106,332.7648724986142
3.2451977729797363,-466.8950400306889,333.0305860780925
3.2462832927703857,-467.16066274872156,333.29620879612514
3.2472035884857178,-467.42638057501256,333.56192662241614
3.248198986053467,-467.6920872565198,333.8276333039234
3.2501983642578125,-467.95770422541557,334.09325027281915
3.2511990070343018,-468.22341616826066,334.35896221566423
3.252199411392212,-468.48915823259756,334.62470428000114
3.2531986236572266,-468.7547669707139,334.89031301811747
3.2541985511779785,-469.0204713548513,335.15601740225486
3.2551982402801514,-469.28620628952297,335.42175233692655
3.256197929382324,-469.55180926889744,335.687355316301
3.257209062576294,-469.81750780957,335.95305385697355
3.25919771194458,-470.08327854174627,336.21882458914985
3.260197639465332,-470.34887313226926,336.48441917967284
3.2612111568450928,-470.61456405988406,336.75011010728764
3.2622056007385254,-470.88032743559705,337.01587348300063
3.263204574584961,-471.1459162501453,337.2814622975489
3.264204978942871,-471.4116013675038,337.5471474149074
3.2661983966827393,-471.6773806585542,337.8129267059578
3.2671985626220703,-471.9429812470106,338.0785272944142
3.268197774887085,-472.2086586840689,338.3442047314725
3.269197702407837,-472.47443051017956,338.60997655758314
3.270197629928589,-472.7400251838034,338.875571231207
3.27119779586792,-473.0056968369576,339.1412428843612
3.272197723388672,-473.27146255332053,339.4070086007241
3.2731971740722656,-473.5370913317608,339.67263737916437
3.274197578430176,-473.80275522394413,339.9383012713477
3.2751972675323486,-474.0685134790866,340.2040595264902
3.2761988639831543,-474.33413608773463,340.4696821351382
3.277198076248169,-474.59979421541505,340.7353402628186
3.278198003768921,-474.86554642722825,341.00109247463183
3.2791976928710938,-475.1312034066736,341.26674945407717
3.2801973819732666,-475.3968536786915,341.5323997260951
3.2811975479125977,-475.6625984221068,341.79814446951036
3.283621072769165,-475.9282489831536,342.0637950305572
3.2846195697784424,-476.1938935030123,342.3294395504159
3.2856192588806152,-476.45963226298863,342.5951783103922
3.2866194248199463,-476.7253174953791,342.8608635427827
3.2876195907592773,-476.9909540502067,343.1265000976103
3.2886197566986084,-477.2566853233889,343.3922313707925
3.2896194458007812,-477.5223638947747,343.65790994217826
3.2916197776794434,-477.7879947026097,343.9235407500133
3.292619466781616,-478.05372004566635,344.18926609306993
3.2936642169952393,-478.31943362514465,344.45497967254823
3.294625997543335,-478.5850563431773,344.7206023905809
3.296631336212158,-478.8507741694683,344.9863202168719
3.2976274490356445,-479.11648085097556,345.25202689837914
3.298618793487549,-479.3820978198713,345.5176438672749
3.2996184825897217,-479.6478097627164,345.78335581012
3.3016209602355957,-479.9135518270533,346.0490978744569
3.3026187419891357,-480.17916056516964,346.3147066125732
3.303619146347046,-480.44486494930703,346.5804109967106
3.304619073867798,-480.7105998839787,346.8461459313823
3.30561900138855,-480.9762028633532,347.1117489107568
3.3066189289093018,-481.2419014040257,347.3774474514293
3.307619571685791,-481.507672136202,347.6432181836056
3.308619260787964,-481.773266726725,347.9088127741286
3.309619188308716,-482.0389576543398,348.1745037017434
3.310619831085205,-482.3047210300528,348.4402670774564
3.311619281768799,-482.57030984460107,348.70585589200465
3.3126189708709717,-482.83599496195956,348.97154100936314
3.3136188983917236,-483.10177425301,349.23732030041356
3.3146188259124756,-483.36737484146636,349.50292088886994
3.3166208267211914,-483.63305227852464,349.7685983259282
3.317631244659424,-483.8988241046353,350.0343701520389
3.318620443344116,-484.1644187782592,350.29996482566276
3.3196189403533936,-484.43009043141336,350.56563647881694
3.3206191062927246,-484.6958561477763,350.83140219517986
3.3216190338134766,-484.96148492621654,351.0970309736201
3.3236193656921387,-485.2271488183999,351.36269486580346
3.3246188163757324,-485.49290707354237,351.62845312094595
3.3256187438964844,-485.7585296821904,351.89407572959396
3.3266189098358154,-486.0241878098708,352.1597338572744
3.3276188373565674,-486.289940021684,352.4254860690876
3.3286185264587402,-486.55559700112934,352.6911430485329
3.329618453979492,-486.82124727314726,352.95679332055084
3.3306188583374023,-487.08699201656253,353.2225380639661
3.332618474960327,-487.35264257760934,353.4881886250129
3.3336191177368164,-487.61828709746806,353.75383314487163
3.33461856842041,-487.8840258574444,354.01957190484796
3.335618495941162,-488.14971108983485,354.28525713723843
3.336618423461914,-488.41534764466246,354.55089369206604
3.337618827819824,-488.6810789178447,354.81662496524825
3.339618444442749,-488.94675748923044,355.082303536634
3.340618371963501,-489.21238829706544,355.347934344469
3.341618776321411,-489.4781136401221,355.6136596875257
3.342617988586426,-489.7438272196004,355.879373267004
3.343618392944336,-490.00944993763306,356.14499598503664
3.344618558883667,-490.27516776392406,356.41071381132764
3.345618486404419,-490.5408744454313,356.6764204928349
3.346618413925171,-490.80649141432707,356.94203746173065
3.348618268966675,-491.07220335717216,357.20774940457574
3.3496181964874268,-491.33794542150906,357.47349146891264
3.3506181240081787,-491.6035541596254,357.73910020702897
3.3516178131103516,-491.8692585437628,358.00480459116636
3.352618932723999,-492.13499347843447,358.27053952583805
3.3536183834075928,-492.40059645780894,358.5361425052125
3.355618476867676,-492.6662949984815,358.80184104588506
3.3566179275512695,-492.93206573065777,359.06761177806135
3.3576178550720215,-493.19766032118076,359.33320636858434
3.3586177825927734,-493.46335124879556,359.59889729619914
3.3596177101135254,-493.72911462450855,359.86466067191213
3.3606178760528564,-493.9947034390568,360.1302494864604
3.3616175651550293,-494.2603885564153,360.3959346038189
3.3626174926757812,-494.52616784746573,360.6617138948693
3.3636176586151123,-494.7917684359221,360.9273144833257
3.3656351566314697,-495.0574458729804,361.192991920384
3.366637945175171,-495.32321769909106,361.45876374649464
3.3676180839538574,-495.5888123727149,361.7243584201185
3.3686277866363525,-495.8544840258691,361.9900300732727
3.369619131088257,-496.12024974223203,362.2557957896356
3.3706178665161133,-496.3858785206723,362.5214245680759
3.3716177940368652,-496.65154241285563,362.7870884602592
3.372617483139038,-496.9173006679981,363.0528467154017
3.373617649078369,-497.18292327664614,363.3184693240497
3.375617265701294,-497.44858140432655,363.5841274517301
3.376617431640625,-497.71433361613975,363.84987966354333
3.377617359161377,-497.9799905955851,364.1155366429887
3.378617286682129,-498.245640867603,364.3811869150066
3.379617214202881,-498.5113856110183,364.64693165842186
3.380617141723633,-498.7770361720651,364.9125822194687
3.381617307662964,-499.0426806919238,365.1782267393274
3.514533281326294,-499.30841945190014,365.4439654993037
